16:58:45.667 [main] INFO org.springframework.test.context.support.AnnotationConfigContextLoaderUtils -- Could not detect default configuration classes for test class [com.jpmc.midascore.TaskFiveTests]: TaskFiveTests does not declare any static, non-private, non-final, nested classes annotated with @Configuration.
16:58:45.923 [main] INFO org.springframework.boot.test.context.SpringBootTestContextBootstrapper -- Found @SpringBootConfiguration com.jpmc.midascore.MidasCoreApplication for test class com.jpmc.midascore.TaskFiveTests

  .   ____          _            __ _ _
 /\\ / ___'_ __ _ _(_)_ __  __ _ \ \ \ \
( ( )\___ | '_ | '_| | '_ \/ _` | \ \ \ \
 \\/  ___)| |_)| | | | | || (_| |  ) ) ) )
  '  |____| .__|_| |_|_| |_\__, | / / / /
 =========|_|==============|___/=/_/_/_/
 :: Spring Boot ::                (v3.2.5)

2025-10-28T16:58:47.839+05:30  INFO 2712 --- [           main] k.utils.Log4jControllerRegistration$     : Registered kafka:type=kafka.Log4jController MBean
2025-10-28T16:58:47.889+05:30  INFO 2712 --- [           main] org.apache.zookeeper.common.X509Util     : Setting -D jdk.tls.rejectClientInitiatedRenegotiation=true to disable client-initiated TLS renegotiation
2025-10-28T16:58:48.165+05:30  INFO 2712 --- [-kit-executor-1] kafka.server.ControllerServer            : Formatting C:\Users\harsh\AppData\Local\Temp\kafka-5350799558219101011\controller_0 with metadata.version 3.3-IV0.
2025-10-28T16:58:48.168+05:30  INFO 2712 --- [-kit-executor-3] kafka.server.BrokerServer                : [BrokerServer id=0] Transition from SHUTDOWN to STARTING
2025-10-28T16:58:48.168+05:30  INFO 2712 --- [-kit-executor-2] kafka.server.ControllerServer            : [ControllerServer id=0] Starting controller
2025-10-28T16:58:48.170+05:30  INFO 2712 --- [-kit-executor-3] kafka.server.SharedServer                : [SharedServer id=0] Starting SharedServer
2025-10-28T16:58:48.216+05:30  INFO 2712 --- [-kit-executor-2] o.a.k.s.network.EndpointReadyFutures     : authorizerStart completed for endpoint CONTROLLER. Endpoint is now READY.
2025-10-28T16:58:48.389+05:30  INFO 2712 --- [-kit-executor-3] kafka.log.UnifiedLog$                    : [LogLoader partition=__cluster_metadata-0, dir=C:\Users\harsh\AppData\Local\Temp\kafka-5350799558219101011\controller_0] Loading producer state till offset 0 with message format version 2
2025-10-28T16:58:48.391+05:30  INFO 2712 --- [-kit-executor-3] kafka.log.UnifiedLog$                    : [LogLoader partition=__cluster_metadata-0, dir=C:\Users\harsh\AppData\Local\Temp\kafka-5350799558219101011\controller_0] Reloading from producer snapshot and rebuilding producer state from offset 0
2025-10-28T16:58:48.391+05:30  INFO 2712 --- [-kit-executor-3] kafka.log.UnifiedLog$                    : [LogLoader partition=__cluster_metadata-0, dir=C:\Users\harsh\AppData\Local\Temp\kafka-5350799558219101011\controller_0] Producer state recovery took 0ms for snapshot load and 0ms for segment recovery from offset 0
2025-10-28T16:58:48.474+05:30  INFO 2712 --- [-kit-executor-3] kafka.raft.KafkaMetadataLog$             : Initialized snapshots with IDs SortedSet() from C:\Users\harsh\AppData\Local\Temp\kafka-5350799558219101011\controller_0\__cluster_metadata-0
2025-10-28T16:58:48.560+05:30  INFO 2712 --- [piration-reaper] ExpirationService$ExpiredOperationReaper : [raft-expiration-reaper]: Starting
2025-10-28T16:58:48.638+05:30  INFO 2712 --- [-kit-executor-3] org.apache.kafka.raft.QuorumState        : [RaftManager id=0] Completed transition to Unattached(epoch=0, voters=[0], electionTimeoutMs=1017) from null
2025-10-28T16:58:48.652+05:30  INFO 2712 --- [-kit-executor-3] org.apache.kafka.raft.QuorumState        : [RaftManager id=0] Completed transition to CandidateState(localId=0, epoch=1, retries=1, voteStates={0=GRANTED}, highWatermark=Optional.empty, electionTimeoutMs=1097) from Unattached(epoch=0, voters=[0], electionTimeoutMs=1017)
2025-10-28T16:58:48.662+05:30  INFO 2712 --- [-kit-executor-3] org.apache.kafka.raft.QuorumState        : [RaftManager id=0] Completed transition to Leader(localId=0, epoch=1, epochStartOffset=0, highWatermark=Optional.empty, voterStates={0=ReplicaState(nodeId=0, endOffset=Optional.empty, lastFetchTimestamp=-1, lastCaughtUpTimestamp=-1, hasAcknowledgedLeader=true)}) from CandidateState(localId=0, epoch=1, retries=1, voteStates={0=GRANTED}, highWatermark=Optional.empty, electionTimeoutMs=1097)
2025-10-28T16:58:48.928+05:30  INFO 2712 --- [-kit-executor-2] kafka.network.ConnectionQuotas           : Updated connection-accept-rate max connection creation rate to 2147483647
2025-10-28T16:58:48.942+05:30  INFO 2712 --- [-kit-executor-2] kafka.network.DataPlaneAcceptor          : Awaiting socket connections on localhost:51881.
2025-10-28T16:58:48.943+05:30  INFO 2712 --- [-kit-executor-2] kafka.network.DataPlaneAcceptor          : Opened wildcard endpoint localhost:51881
2025-10-28T16:58:48.969+05:30  INFO 2712 --- [-kit-executor-2] kafka.network.SocketServer               : [SocketServer listenerType=CONTROLLER, nodeId=0] Created data-plane acceptor and processors for endpoint : ListenerName(CONTROLLER)
2025-10-28T16:58:48.974+05:30  INFO 2712 --- [-request-thread] kafka.raft.RaftSendThread                : [kafka-0-raft-outbound-request-thread]: Starting
2025-10-28T16:58:48.975+05:30  INFO 2712 --- [-raft-io-thread] k.raft.KafkaRaftManager$RaftIoThread     : [kafka-0-raft-io-thread]: Starting
2025-10-28T16:58:49.004+05:30  INFO 2712 --- [-raft-io-thread] org.apache.kafka.raft.LeaderState        : [RaftManager id=0] High watermark set to LogOffsetMetadata(offset=1, metadata=Optional[(segmentBaseOffset=0,relativePositionInSegment=91)]) for the first time for epoch 1 based on indexOfHw 0 and voters [ReplicaState(nodeId=0, endOffset=Optional[LogOffsetMetadata(offset=1, metadata=Optional[(segmentBaseOffset=0,relativePositionInSegment=91)])], lastFetchTimestamp=-1, lastCaughtUpTimestamp=-1, hasAcknowledgedLeader=true)]
2025-10-28T16:58:49.024+05:30  INFO 2712 --- [r-event-handler] o.a.kafka.image.loader.MetadataLoader    : [MetadataLoader id=0] initializeNewPublishers: The loader is still catching up because we have loaded up to offset -1, but the high water mark is 1
2025-10-28T16:58:49.026+05:30  INFO 2712 --- [-kit-executor-3] kafka.server.BrokerServer                : [BrokerServer id=0] Starting broker
2025-10-28T16:58:49.027+05:30  INFO 2712 --- [-kit-executor-2] kafka.server.ControllerServer            : [ControllerServer id=0] Waiting for controller quorum voters future
2025-10-28T16:58:49.028+05:30  INFO 2712 --- [-kit-executor-2] kafka.server.ControllerServer            : [ControllerServer id=0] Finished waiting for controller quorum voters future
2025-10-28T16:58:49.034+05:30  INFO 2712 --- [-raft-io-thread] org.apache.kafka.raft.KafkaRaftClient    : [RaftManager id=0] Registered the listener org.apache.kafka.image.loader.MetadataLoader@503325593
2025-10-28T16:58:49.053+05:30  INFO 2712 --- [r-event-handler] o.a.kafka.image.loader.MetadataLoader    : [MetadataLoader id=0] maybePublishMetadata(LOG_DELTA): The loader is still catching up because we have not loaded a controller record as of offset 0 and high water mark is 1
2025-10-28T16:58:49.063+05:30  INFO 2712 --- [nelReaper-Fetch] lientQuotaManager$ThrottledChannelReaper : [broker-0-ThrottledChannelReaper-Fetch]: Starting
2025-10-28T16:58:49.064+05:30  INFO 2712 --- [lReaper-Produce] lientQuotaManager$ThrottledChannelReaper : [broker-0-ThrottledChannelReaper-Produce]: Starting
2025-10-28T16:58:49.066+05:30  INFO 2712 --- [lReaper-Request] lientQuotaManager$ThrottledChannelReaper : [broker-0-ThrottledChannelReaper-Request]: Starting
2025-10-28T16:58:49.069+05:30  INFO 2712 --- [trollerMutation] lientQuotaManager$ThrottledChannelReaper : [broker-0-ThrottledChannelReaper-ControllerMutation]: Starting
2025-10-28T16:58:49.087+05:30  INFO 2712 --- [-kit-executor-3] kafka.log.LogManager                     : Log directory C:\Users\harsh\AppData\Local\Temp\kafka-5350799558219101011\broker_0_data0 not found, creating it.
2025-10-28T16:58:49.093+05:30  INFO 2712 --- [-kit-executor-2] o.a.kafka.controller.QuorumController    : [QuorumController id=0] Creating new QuorumController with clusterId iZOHixQzQWCm3M-ykFxanw.
2025-10-28T16:58:49.094+05:30  INFO 2712 --- [-raft-io-thread] org.apache.kafka.raft.KafkaRaftClient    : [RaftManager id=0] Registered the listener org.apache.kafka.controller.QuorumController$QuorumMetaLogListener@1832398675
2025-10-28T16:58:49.094+05:30  INFO 2712 --- [nelReaper-Fetch] lientQuotaManager$ThrottledChannelReaper : [controller-0-ThrottledChannelReaper-Fetch]: Starting
2025-10-28T16:58:49.098+05:30  INFO 2712 --- [0-event-handler] o.a.kafka.controller.QuorumController    : [QuorumController id=0] Becoming the active controller at epoch 1, next write offset 1.
2025-10-28T16:58:49.105+05:30  INFO 2712 --- [lReaper-Produce] lientQuotaManager$ThrottledChannelReaper : [controller-0-ThrottledChannelReaper-Produce]: Starting
2025-10-28T16:58:49.111+05:30  WARN 2712 --- [0-event-handler] o.a.kafka.controller.QuorumController    : [QuorumController id=0] Performing controller activation. The metadata log appears to be empty. Appending 1 bootstrap record(s) in metadata transaction at metadata.version 3.6-IV2 from bootstrap source 'testkit'. Setting the ZK migration state to NONE since this is a de-novo KRaft cluster.
2025-10-28T16:58:49.115+05:30  INFO 2712 --- [lReaper-Request] lientQuotaManager$ThrottledChannelReaper : [controller-0-ThrottledChannelReaper-Request]: Starting
2025-10-28T16:58:49.116+05:30  INFO 2712 --- [trollerMutation] lientQuotaManager$ThrottledChannelReaper : [controller-0-ThrottledChannelReaper-ControllerMutation]: Starting
2025-10-28T16:58:49.120+05:30  INFO 2712 --- [0-event-handler] o.a.k.controller.OffsetControlManager    : [QuorumController id=0] Replayed BeginTransactionRecord(name='Bootstrap records') at offset 1.
2025-10-28T16:58:49.122+05:30  INFO 2712 --- [-kit-executor-3] kafka.server.BrokerServer                : [BrokerServer id=0] Waiting for controller quorum voters future
2025-10-28T16:58:49.122+05:30  INFO 2712 --- [-kit-executor-3] kafka.server.BrokerServer                : [BrokerServer id=0] Finished waiting for controller quorum voters future
2025-10-28T16:58:49.123+05:30  INFO 2712 --- [0-event-handler] o.a.k.controller.FeatureControlManager   : [QuorumController id=0] Replayed a FeatureLevelRecord setting metadata version to 3.6-IV2
2025-10-28T16:58:49.125+05:30  INFO 2712 --- [0-event-handler] o.a.k.controller.OffsetControlManager    : [QuorumController id=0] Replayed EndTransactionRecord() at offset 4.
2025-10-28T16:58:49.145+05:30  INFO 2712 --- [r-event-handler] o.a.kafka.image.loader.MetadataLoader    : [MetadataLoader id=0] initializeNewPublishers: The loader finished catching up to the current high water mark of 1
2025-10-28T16:58:49.155+05:30  INFO 2712 --- [per-0-AlterAcls] perationPurgatory$ExpiredOperationReaper : [ExpirationReaper-0-AlterAcls]: Starting
2025-10-28T16:58:49.165+05:30  INFO 2712 --- [r-event-handler] o.a.kafka.image.loader.MetadataLoader    : [MetadataLoader id=0] InitializeNewPublishers: initializing SnapshotGenerator with a snapshot at offset 0
2025-10-28T16:58:49.170+05:30  INFO 2712 --- [-kit-executor-2] kafka.server.ControllerServer            : [ControllerServer id=0] Waiting for the controller metadata publishers to be installed
2025-10-28T16:58:49.170+05:30  INFO 2712 --- [-kit-executor-2] kafka.server.ControllerServer            : [ControllerServer id=0] Finished waiting for the controller metadata publishers to be installed
2025-10-28T16:58:49.170+05:30  INFO 2712 --- [r-event-handler] o.a.kafka.image.loader.MetadataLoader    : [MetadataLoader id=0] InitializeNewPublishers: initializing FeaturesPublisher with a snapshot at offset 0
2025-10-28T16:58:49.170+05:30  INFO 2712 --- [r-event-handler] o.a.kafka.image.loader.MetadataLoader    : [MetadataLoader id=0] InitializeNewPublishers: initializing DynamicConfigPublisher controller id=0 with a snapshot at offset 0
2025-10-28T16:58:49.171+05:30  INFO 2712 --- [-kit-executor-2] kafka.network.SocketServer               : [SocketServer listenerType=CONTROLLER, nodeId=0] Enabling request processing.
2025-10-28T16:58:49.171+05:30  INFO 2712 --- [r-event-handler] o.a.kafka.image.loader.MetadataLoader    : [MetadataLoader id=0] InitializeNewPublishers: initializing DynamicClientQuotaPublisher controller id=0 with a snapshot at offset 0
2025-10-28T16:58:49.173+05:30  INFO 2712 --- [r-event-handler] o.a.kafka.image.loader.MetadataLoader    : [MetadataLoader id=0] InitializeNewPublishers: initializing ScramPublisher controller id=0 with a snapshot at offset 0
2025-10-28T16:58:49.180+05:30  INFO 2712 --- [r-event-handler] o.a.kafka.image.loader.MetadataLoader    : [MetadataLoader id=0] InitializeNewPublishers: initializing DelegationTokenPublisher controller id=0 with a snapshot at offset 0
2025-10-28T16:58:49.189+05:30  INFO 2712 --- [-kit-executor-2] kafka.server.ControllerServer            : [ControllerServer id=0] Waiting for all of the authorizer futures to be completed
2025-10-28T16:58:49.194+05:30  INFO 2712 --- [-kit-executor-2] kafka.server.ControllerServer            : [ControllerServer id=0] Finished waiting for all of the authorizer futures to be completed
2025-10-28T16:58:49.194+05:30  INFO 2712 --- [-kit-executor-2] kafka.server.ControllerServer            : [ControllerServer id=0] Waiting for all of the SocketServer Acceptors to be started
2025-10-28T16:58:49.195+05:30  INFO 2712 --- [-kit-executor-2] kafka.server.ControllerServer            : [ControllerServer id=0] Finished waiting for all of the SocketServer Acceptors to be started
2025-10-28T16:58:49.203+05:30  INFO 2712 --- [r-event-handler] o.a.kafka.image.loader.MetadataLoader    : [MetadataLoader id=0] InitializeNewPublishers: initializing ControllerMetadataMetricsPublisher with a snapshot at offset 0
2025-10-28T16:58:49.204+05:30  INFO 2712 --- [r-event-handler] o.a.kafka.image.loader.MetadataLoader    : [MetadataLoader id=0] InitializeNewPublishers: initializing AclPublisher controller id=0 with a snapshot at offset 0
2025-10-28T16:58:49.234+05:30  INFO 2712 --- [channel-manager] k.s.BrokerToControllerRequestThread      : [broker-0-to-controller-forwarding-channel-manager]: Starting
2025-10-28T16:58:49.235+05:30  INFO 2712 --- [channel-manager] k.s.BrokerToControllerRequestThread      : [broker-0-to-controller-forwarding-channel-manager]: Recorded new controller, from now on will use node localhost:51881 (id: 0 rack: null)
2025-10-28T16:58:49.269+05:30  INFO 2712 --- [-kit-executor-3] kafka.network.ConnectionQuotas           : Updated connection-accept-rate max connection creation rate to 2147483647
2025-10-28T16:58:49.273+05:30  INFO 2712 --- [-kit-executor-3] kafka.network.DataPlaneAcceptor          : Awaiting socket connections on localhost:51883.
2025-10-28T16:58:49.273+05:30  INFO 2712 --- [-kit-executor-3] kafka.network.DataPlaneAcceptor          : Opened wildcard endpoint localhost:51883
2025-10-28T16:58:49.287+05:30  INFO 2712 --- [-kit-executor-3] kafka.network.SocketServer               : [SocketServer listenerType=BROKER, nodeId=0] Created data-plane acceptor and processors for endpoint : ListenerName(EXTERNAL)
2025-10-28T16:58:49.298+05:30  INFO 2712 --- [channel-manager] k.s.BrokerToControllerRequestThread      : [broker-0-to-controller-alter-partition-channel-manager]: Starting
2025-10-28T16:58:49.299+05:30  INFO 2712 --- [channel-manager] k.s.BrokerToControllerRequestThread      : [broker-0-to-controller-alter-partition-channel-manager]: Recorded new controller, from now on will use node localhost:51881 (id: 0 rack: null)
2025-10-28T16:58:49.332+05:30  INFO 2712 --- [eaper-0-Produce] perationPurgatory$ExpiredOperationReaper : [ExpirationReaper-0-Produce]: Starting
2025-10-28T16:58:49.334+05:30  INFO 2712 --- [nReaper-0-Fetch] perationPurgatory$ExpiredOperationReaper : [ExpirationReaper-0-Fetch]: Starting
2025-10-28T16:58:49.335+05:30  INFO 2712 --- [0-DeleteRecords] perationPurgatory$ExpiredOperationReaper : [ExpirationReaper-0-DeleteRecords]: Starting
2025-10-28T16:58:49.336+05:30  INFO 2712 --- [r-0-ElectLeader] perationPurgatory$ExpiredOperationReaper : [ExpirationReaper-0-ElectLeader]: Starting
2025-10-28T16:58:49.338+05:30  INFO 2712 --- [r-0-RemoteFetch] perationPurgatory$ExpiredOperationReaper : [ExpirationReaper-0-RemoteFetch]: Starting
2025-10-28T16:58:49.375+05:30  INFO 2712 --- [per-0-Heartbeat] perationPurgatory$ExpiredOperationReaper : [ExpirationReaper-0-Heartbeat]: Starting
2025-10-28T16:58:49.375+05:30  INFO 2712 --- [per-0-Rebalance] perationPurgatory$ExpiredOperationReaper : [ExpirationReaper-0-Rebalance]: Starting
2025-10-28T16:58:49.440+05:30  INFO 2712 --- [channel-manager] k.s.BrokerToControllerRequestThread      : [broker-0-to-controller-heartbeat-channel-manager]: Starting
2025-10-28T16:58:49.441+05:30  INFO 2712 --- [channel-manager] k.s.BrokerToControllerRequestThread      : [broker-0-to-controller-heartbeat-channel-manager]: Recorded new controller, from now on will use node localhost:51881 (id: 0 rack: null)
2025-10-28T16:58:49.482+05:30  INFO 2712 --- [r-event-handler] kafka.server.BrokerLifecycleManager      : [BrokerLifecycleManager id=0] Incarnation nYqHiAV1QZq1Rtpt_wcs2g of broker 0 in cluster iZOHixQzQWCm3M-ykFxanw is now STARTING.
2025-10-28T16:58:49.534+05:30  INFO 2712 --- [per-0-AlterAcls] perationPurgatory$ExpiredOperationReaper : [ExpirationReaper-0-AlterAcls]: Starting
2025-10-28T16:58:49.565+05:30  INFO 2712 --- [-kit-executor-3] kafka.server.BrokerServer                : [BrokerServer id=0] Waiting for the broker metadata publishers to be installed
2025-10-28T16:58:49.567+05:30  INFO 2712 --- [-kit-executor-3] kafka.server.BrokerServer                : [BrokerServer id=0] Finished waiting for the broker metadata publishers to be installed
2025-10-28T16:58:49.574+05:30  INFO 2712 --- [r-event-handler] o.a.kafka.image.loader.MetadataLoader    : [MetadataLoader id=0] InitializeNewPublishers: initializing BrokerMetadataPublisher with a snapshot at offset 4
2025-10-28T16:58:49.574+05:30  INFO 2712 --- [-kit-executor-3] kafka.server.BrokerServer                : [BrokerServer id=0] Waiting for the controller to acknowledge that we are caught up
2025-10-28T16:58:49.575+05:30  INFO 2712 --- [r-event-handler] k.s.metadata.BrokerMetadataPublisher     : [BrokerMetadataPublisher id=0] Publishing initial metadata at offset OffsetAndEpoch(offset=4, epoch=1) with metadata.version 3.6-IV2.
2025-10-28T16:58:49.577+05:30  INFO 2712 --- [r-event-handler] kafka.log.LogManager                     : Loading logs from log dirs ArraySeq(C:\Users\harsh\AppData\Local\Temp\kafka-5350799558219101011\broker_0_data0)
2025-10-28T16:58:49.587+05:30  INFO 2712 --- [r-event-handler] kafka.log.LogManager                     : No logs found to be loaded in C:\Users\harsh\AppData\Local\Temp\kafka-5350799558219101011\broker_0_data0
2025-10-28T16:58:49.597+05:30  INFO 2712 --- [r-event-handler] kafka.log.LogManager                     : Loaded 0 logs in 19ms
2025-10-28T16:58:49.597+05:30  INFO 2712 --- [0-event-handler] o.a.k.controller.ClusterControlManager   : [QuorumController id=0] Replayed initial RegisterBrokerRecord for broker 0: RegisterBrokerRecord(brokerId=0, isMigratingZkBroker=false, incarnationId=nYqHiAV1QZq1Rtpt_wcs2g, brokerEpoch=5, endPoints=[BrokerEndpoint(name='EXTERNAL', host='localhost', port=51883, securityProtocol=0)], features=[BrokerFeature(name='metadata.version', minSupportedVersion=1, maxSupportedVersion=14)], rack=null, fenced=true, inControlledShutdown=false)
2025-10-28T16:58:49.598+05:30  INFO 2712 --- [r-event-handler] kafka.log.LogManager                     : Starting log cleanup with a period of 300000 ms.
2025-10-28T16:58:49.600+05:30  INFO 2712 --- [r-event-handler] kafka.log.LogManager                     : Starting log flusher with a default period of 9223372036854775807 ms.
2025-10-28T16:58:49.616+05:30  INFO 2712 --- [r-event-handler] kafka.log.LogCleaner                     : Starting the log cleaner
2025-10-28T16:58:49.625+05:30  INFO 2712 --- [leaner-thread-0] kafka.log.LogCleaner$CleanerThread       : [kafka-log-cleaner-thread-0]: Starting
2025-10-28T16:58:49.644+05:30  INFO 2712 --- [channel-manager] kafka.server.BrokerLifecycleManager      : [BrokerLifecycleManager id=0] Successfully registered broker 0 with broker epoch 5
2025-10-28T16:58:49.646+05:30  INFO 2712 --- [r-event-handler] k.coordinator.group.GroupCoordinator     : [GroupCoordinator 0]: Starting up.
2025-10-28T16:58:49.651+05:30  INFO 2712 --- [rFailureHandler] k.s.ReplicaManager$LogDirFailureHandler  : [LogDirFailureHandler]: Starting
2025-10-28T16:58:49.652+05:30  INFO 2712 --- [nSenderThread-0] kafka.server.AddPartitionsToTxnManager   : [AddPartitionsToTxnSenderThread-0]: Starting
2025-10-28T16:58:49.652+05:30  INFO 2712 --- [r-event-handler] k.coordinator.group.GroupCoordinator     : [GroupCoordinator 0]: Startup complete.
2025-10-28T16:58:49.654+05:30  INFO 2712 --- [r-event-handler] k.c.transaction.TransactionCoordinator   : [TransactionCoordinator id=0] Starting up.
2025-10-28T16:58:49.657+05:30  INFO 2712 --- [r-event-handler] k.c.transaction.TransactionCoordinator   : [TransactionCoordinator id=0] Startup complete.
2025-10-28T16:58:49.659+05:30  INFO 2712 --- [r-event-handler] k.s.metadata.BrokerMetadataPublisher     : [BrokerMetadataPublisher id=0] Updating metadata.version to 14 at offset OffsetAndEpoch(offset=4, epoch=1).
2025-10-28T16:58:49.659+05:30  INFO 2712 --- [rSenderThread-0] k.c.t.TransactionMarkerChannelManager    : [TxnMarkerSenderThread-0]: Starting
2025-10-28T16:58:49.691+05:30  INFO 2712 --- [channel-manager] kafka.server.BrokerLifecycleManager      : [BrokerLifecycleManager id=0] The broker has caught up. Transitioning from STARTING to RECOVERY.
2025-10-28T16:58:49.692+05:30  INFO 2712 --- [-kit-executor-3] kafka.server.BrokerServer                : [BrokerServer id=0] Finished waiting for the controller to acknowledge that we are caught up
2025-10-28T16:58:49.692+05:30  INFO 2712 --- [-kit-executor-3] kafka.server.BrokerServer                : [BrokerServer id=0] Waiting for the initial broker metadata update to be published
2025-10-28T16:58:49.693+05:30  INFO 2712 --- [-kit-executor-3] kafka.server.BrokerServer                : [BrokerServer id=0] Finished waiting for the initial broker metadata update to be published
2025-10-28T16:58:49.695+05:30  INFO 2712 --- [-kit-executor-3] kafka.server.KafkaConfig                 : KafkaConfig values: 
	advertised.listeners = null
	alter.config.policy.class.name = null
	alter.log.dirs.replication.quota.window.num = 11
	alter.log.dirs.replication.quota.window.size.seconds = 1
	authorizer.class.name = 
	auto.create.topics.enable = true
	auto.include.jmx.reporter = true
	auto.leader.rebalance.enable = true
	background.threads = 10
	broker.heartbeat.interval.ms = 2000
	broker.id = 0
	broker.id.generation.enable = true
	broker.rack = null
	broker.session.timeout.ms = 9000
	client.quota.callback.class = null
	compression.type = producer
	connection.failed.authentication.delay.ms = 100
	connections.max.idle.ms = 600000
	connections.max.reauth.ms = 0
	control.plane.listener.name = null
	controlled.shutdown.enable = true
	controlled.shutdown.max.retries = 3
	controlled.shutdown.retry.backoff.ms = 5000
	controller.listener.names = CONTROLLER
	controller.quorum.append.linger.ms = 25
	controller.quorum.election.backoff.max.ms = 1000
	controller.quorum.election.timeout.ms = 1000
	controller.quorum.fetch.timeout.ms = 2000
	controller.quorum.request.timeout.ms = 2000
	controller.quorum.retry.backoff.ms = 20
	controller.quorum.voters = [0@0.0.0.0:0]
	controller.quota.window.num = 11
	controller.quota.window.size.seconds = 1
	controller.socket.timeout.ms = 30000
	create.topic.policy.class.name = null
	default.replication.factor = 1
	delegation.token.expiry.check.interval.ms = 3600000
	delegation.token.expiry.time.ms = 86400000
	delegation.token.master.key = null
	delegation.token.max.lifetime.ms = 604800000
	delegation.token.secret.key = null
	delete.records.purgatory.purge.interval.requests = 1
	delete.topic.enable = true
	early.start.listeners = null
	fetch.max.bytes = 57671680
	fetch.purgatory.purge.interval.requests = 1000
	group.consumer.assignors = [org.apache.kafka.coordinator.group.assignor.RangeAssignor]
	group.consumer.heartbeat.interval.ms = 5000
	group.consumer.max.heartbeat.interval.ms = 15000
	group.consumer.max.session.timeout.ms = 60000
	group.consumer.max.size = 2147483647
	group.consumer.min.heartbeat.interval.ms = 5000
	group.consumer.min.session.timeout.ms = 45000
	group.consumer.session.timeout.ms = 45000
	group.coordinator.new.enable = false
	group.coordinator.threads = 1
	group.initial.rebalance.delay.ms = 0
	group.max.session.timeout.ms = 1800000
	group.max.size = 2147483647
	group.min.session.timeout.ms = 6000
	initial.broker.registration.timeout.ms = 60000
	inter.broker.listener.name = EXTERNAL
	inter.broker.protocol.version = 3.6-IV2
	kafka.metrics.polling.interval.secs = 10
	kafka.metrics.reporters = []
	leader.imbalance.check.interval.seconds = 300
	leader.imbalance.per.broker.percentage = 10
	listener.security.protocol.map = EXTERNAL:PLAINTEXT,CONTROLLER:PLAINTEXT
	listeners = EXTERNAL://localhost:0,CONTROLLER://localhost:0
	log.cleaner.backoff.ms = 15000
	log.cleaner.dedupe.buffer.size = 2097152
	log.cleaner.delete.retention.ms = 86400000
	log.cleaner.enable = true
	log.cleaner.io.buffer.load.factor = 0.9
	log.cleaner.io.buffer.size = 524288
	log.cleaner.io.max.bytes.per.second = 1.7976931348623157E308
	log.cleaner.max.compaction.lag.ms = 9223372036854775807
	log.cleaner.min.cleanable.ratio = 0.5
	log.cleaner.min.compaction.lag.ms = 0
	log.cleaner.threads = 1
	log.cleanup.policy = [delete]
	log.dir = /tmp/kafka-logs
	log.dirs = C:\Users\harsh\AppData\Local\Temp\kafka-5350799558219101011\broker_0_data0
	log.flush.interval.messages = 9223372036854775807
	log.flush.interval.ms = null
	log.flush.offset.checkpoint.interval.ms = 60000
	log.flush.scheduler.interval.ms = 9223372036854775807
	log.flush.start.offset.checkpoint.interval.ms = 60000
	log.index.interval.bytes = 4096
	log.index.size.max.bytes = 10485760
	log.local.retention.bytes = -2
	log.local.retention.ms = -2
	log.message.downconversion.enable = true
	log.message.format.version = 3.0-IV1
	log.message.timestamp.after.max.ms = 9223372036854775807
	log.message.timestamp.before.max.ms = 9223372036854775807
	log.message.timestamp.difference.max.ms = 9223372036854775807
	log.message.timestamp.type = CreateTime
	log.preallocate = false
	log.retention.bytes = -1
	log.retention.check.interval.ms = 300000
	log.retention.hours = 168
	log.retention.minutes = null
	log.retention.ms = null
	log.roll.hours = 168
	log.roll.jitter.hours = 0
	log.roll.jitter.ms = null
	log.roll.ms = null
	log.segment.bytes = 1073741824
	log.segment.delete.delay.ms = 60000
	max.connection.creation.rate = 2147483647
	max.connections = 2147483647
	max.connections.per.ip = 2147483647
	max.connections.per.ip.overrides = 
	max.incremental.fetch.session.cache.slots = 1000
	message.max.bytes = 1048588
	metadata.log.dir = C:\Users\harsh\AppData\Local\Temp\kafka-5350799558219101011\controller_0
	metadata.log.max.record.bytes.between.snapshots = 20971520
	metadata.log.max.snapshot.interval.ms = 3600000
	metadata.log.segment.bytes = 1073741824
	metadata.log.segment.min.bytes = 8388608
	metadata.log.segment.ms = 604800000
	metadata.max.idle.interval.ms = 500
	metadata.max.retention.bytes = 104857600
	metadata.max.retention.ms = 604800000
	metric.reporters = []
	metrics.num.samples = 2
	metrics.recording.level = INFO
	metrics.sample.window.ms = 30000
	min.insync.replicas = 1
	node.id = 0
	num.io.threads = 8
	num.network.threads = 3
	num.partitions = 1
	num.recovery.threads.per.data.dir = 1
	num.replica.alter.log.dirs.threads = null
	num.replica.fetchers = 1
	offset.metadata.max.bytes = 4096
	offsets.commit.required.acks = -1
	offsets.commit.timeout.ms = 5000
	offsets.load.buffer.size = 5242880
	offsets.retention.check.interval.ms = 600000
	offsets.retention.minutes = 10080
	offsets.topic.compression.codec = 0
	offsets.topic.num.partitions = 50
	offsets.topic.replication.factor = 1
	offsets.topic.segment.bytes = 104857600
	password.encoder.cipher.algorithm = AES/CBC/PKCS5Padding
	password.encoder.iterations = 4096
	password.encoder.key.length = 128
	password.encoder.keyfactory.algorithm = null
	password.encoder.old.secret = null
	password.encoder.secret = null
	principal.builder.class = class org.apache.kafka.common.security.authenticator.DefaultKafkaPrincipalBuilder
	process.roles = [broker, controller]
	producer.id.expiration.check.interval.ms = 600000
	producer.id.expiration.ms = 86400000
	producer.purgatory.purge.interval.requests = 1000
	queued.max.request.bytes = -1
	queued.max.requests = 500
	quota.window.num = 11
	quota.window.size.seconds = 1
	remote.log.index.file.cache.total.size.bytes = 1073741824
	remote.log.manager.task.interval.ms = 30000
	remote.log.manager.task.retry.backoff.max.ms = 30000
	remote.log.manager.task.retry.backoff.ms = 500
	remote.log.manager.task.retry.jitter = 0.2
	remote.log.manager.thread.pool.size = 10
	remote.log.metadata.custom.metadata.max.bytes = 128
	remote.log.metadata.manager.class.name = org.apache.kafka.server.log.remote.metadata.storage.TopicBasedRemoteLogMetadataManager
	remote.log.metadata.manager.class.path = null
	remote.log.metadata.manager.impl.prefix = rlmm.config.
	remote.log.metadata.manager.listener.name = null
	remote.log.reader.max.pending.tasks = 100
	remote.log.reader.threads = 10
	remote.log.storage.manager.class.name = null
	remote.log.storage.manager.class.path = null
	remote.log.storage.manager.impl.prefix = rsm.config.
	remote.log.storage.system.enable = false
	replica.fetch.backoff.ms = 1000
	replica.fetch.max.bytes = 1048576
	replica.fetch.min.bytes = 1
	replica.fetch.response.max.bytes = 10485760
	replica.fetch.wait.max.ms = 500
	replica.high.watermark.checkpoint.interval.ms = 5000
	replica.lag.time.max.ms = 30000
	replica.selector.class = null
	replica.socket.receive.buffer.bytes = 65536
	replica.socket.timeout.ms = 30000
	replication.quota.window.num = 11
	replication.quota.window.size.seconds = 1
	request.timeout.ms = 30000
	reserved.broker.max.id = 1000
	sasl.client.callback.handler.class = null
	sasl.enabled.mechanisms = [GSSAPI]
	sasl.jaas.config = null
	sasl.kerberos.kinit.cmd = /usr/bin/kinit
	sasl.kerberos.min.time.before.relogin = 60000
	sasl.kerberos.principal.to.local.rules = [DEFAULT]
	sasl.kerberos.service.name = null
	sasl.kerberos.ticket.renew.jitter = 0.05
	sasl.kerberos.ticket.renew.window.factor = 0.8
	sasl.login.callback.handler.class = null
	sasl.login.class = null
	sasl.login.connect.timeout.ms = null
	sasl.login.read.timeout.ms = null
	sasl.login.refresh.buffer.seconds = 300
	sasl.login.refresh.min.period.seconds = 60
	sasl.login.refresh.window.factor = 0.8
	sasl.login.refresh.window.jitter = 0.05
	sasl.login.retry.backoff.max.ms = 10000
	sasl.login.retry.backoff.ms = 100
	sasl.mechanism.controller.protocol = GSSAPI
	sasl.mechanism.inter.broker.protocol = GSSAPI
	sasl.oauthbearer.clock.skew.seconds = 30
	sasl.oauthbearer.expected.audience = null
	sasl.oauthbearer.expected.issuer = null
	sasl.oauthbearer.jwks.endpoint.refresh.ms = 3600000
	sasl.oauthbearer.jwks.endpoint.retry.backoff.max.ms = 10000
	sasl.oauthbearer.jwks.endpoint.retry.backoff.ms = 100
	sasl.oauthbearer.jwks.endpoint.url = null
	sasl.oauthbearer.scope.claim.name = scope
	sasl.oauthbearer.sub.claim.name = sub
	sasl.oauthbearer.token.endpoint.url = null
	sasl.server.callback.handler.class = null
	sasl.server.max.receive.size = 524288
	security.inter.broker.protocol = PLAINTEXT
	security.providers = null
	server.max.startup.time.ms = 600000
	socket.connection.setup.timeout.max.ms = 30000
	socket.connection.setup.timeout.ms = 10000
	socket.listen.backlog.size = 50
	socket.receive.buffer.bytes = 102400
	socket.request.max.bytes = 104857600
	socket.send.buffer.bytes = 102400
	ssl.cipher.suites = []
	ssl.client.auth = none
	ssl.enabled.protocols = [TLSv1.2, TLSv1.3]
	ssl.endpoint.identification.algorithm = https
	ssl.engine.factory.class = null
	ssl.key.password = null
	ssl.keymanager.algorithm = SunX509
	ssl.keystore.certificate.chain = null
	ssl.keystore.key = null
	ssl.keystore.location = null
	ssl.keystore.password = null
	ssl.keystore.type = JKS
	ssl.principal.mapping.rules = DEFAULT
	ssl.protocol = TLSv1.3
	ssl.provider = null
	ssl.secure.random.implementation = null
	ssl.trustmanager.algorithm = PKIX
	ssl.truststore.certificates = null
	ssl.truststore.location = null
	ssl.truststore.password = null
	ssl.truststore.type = JKS
	transaction.abort.timed.out.transaction.cleanup.interval.ms = 10000
	transaction.max.timeout.ms = 900000
	transaction.partition.verification.enable = true
	transaction.remove.expired.transaction.cleanup.interval.ms = 3600000
	transaction.state.log.load.buffer.size = 5242880
	transaction.state.log.min.isr = 2
	transaction.state.log.num.partitions = 50
	transaction.state.log.replication.factor = 3
	transaction.state.log.segment.bytes = 104857600
	transactional.id.expiration.ms = 604800000
	unclean.leader.election.enable = false
	unstable.api.versions.enable = false
	zookeeper.clientCnxnSocket = null
	zookeeper.connect = null
	zookeeper.connection.timeout.ms = null
	zookeeper.max.in.flight.requests = 10
	zookeeper.metadata.migration.enable = false
	zookeeper.metadata.migration.min.batch.size = 200
	zookeeper.session.timeout.ms = 18000
	zookeeper.set.acl = false
	zookeeper.ssl.cipher.suites = null
	zookeeper.ssl.client.enable = false
	zookeeper.ssl.crl.enable = false
	zookeeper.ssl.enabled.protocols = null
	zookeeper.ssl.endpoint.identification.algorithm = HTTPS
	zookeeper.ssl.keystore.location = null
	zookeeper.ssl.keystore.password = null
	zookeeper.ssl.keystore.type = null
	zookeeper.ssl.ocsp.enable = false
	zookeeper.ssl.protocol = TLSv1.2
	zookeeper.ssl.truststore.location = null
	zookeeper.ssl.truststore.password = null
	zookeeper.ssl.truststore.type = null

2025-10-28T16:58:49.704+05:30  INFO 2712 --- [-kit-executor-3] kafka.server.BrokerServer                : [BrokerServer id=0] Waiting for the broker to be unfenced
2025-10-28T16:58:49.705+05:30  INFO 2712 --- [channel-manager] kafka.server.BrokerLifecycleManager      : [BrokerLifecycleManager id=0] The broker is in RECOVERY.
2025-10-28T16:58:49.706+05:30  INFO 2712 --- [0-event-handler] o.a.k.controller.BrokerHeartbeatManager  : [QuorumController id=0] The request from broker 0 to unfence has been granted because it has caught up with the offset of its register broker record 5.
2025-10-28T16:58:49.714+05:30  INFO 2712 --- [0-event-handler] o.a.k.controller.ClusterControlManager   : [QuorumController id=0] Replayed BrokerRegistrationChangeRecord modifying the registration for broker 0: BrokerRegistrationChangeRecord(brokerId=0, brokerEpoch=5, fenced=-1, inControlledShutdown=0)
2025-10-28T16:58:49.752+05:30  INFO 2712 --- [channel-manager] kafka.server.BrokerLifecycleManager      : [BrokerLifecycleManager id=0] The broker has been unfenced. Transitioning from RECOVERY to RUNNING.
2025-10-28T16:58:49.753+05:30  INFO 2712 --- [-kit-executor-3] kafka.server.BrokerServer                : [BrokerServer id=0] Finished waiting for the broker to be unfenced
2025-10-28T16:58:49.754+05:30  INFO 2712 --- [-kit-executor-3] o.a.k.s.network.EndpointReadyFutures     : authorizerStart completed for endpoint EXTERNAL. Endpoint is now READY.
2025-10-28T16:58:49.754+05:30  INFO 2712 --- [-kit-executor-3] kafka.network.SocketServer               : [SocketServer listenerType=BROKER, nodeId=0] Enabling request processing.
2025-10-28T16:58:49.755+05:30  INFO 2712 --- [-kit-executor-3] kafka.server.BrokerServer                : [BrokerServer id=0] Waiting for all of the authorizer futures to be completed
2025-10-28T16:58:49.756+05:30  INFO 2712 --- [-kit-executor-3] kafka.server.BrokerServer                : [BrokerServer id=0] Finished waiting for all of the authorizer futures to be completed
2025-10-28T16:58:49.756+05:30  INFO 2712 --- [-kit-executor-3] kafka.server.BrokerServer                : [BrokerServer id=0] Waiting for all of the SocketServer Acceptors to be started
2025-10-28T16:58:49.756+05:30  INFO 2712 --- [-kit-executor-3] kafka.server.BrokerServer                : [BrokerServer id=0] Finished waiting for all of the SocketServer Acceptors to be started
2025-10-28T16:58:49.756+05:30  INFO 2712 --- [-kit-executor-3] kafka.server.BrokerServer                : [BrokerServer id=0] Transition from STARTING to STARTED
2025-10-28T16:58:49.772+05:30  INFO 2712 --- [           main] o.a.k.clients.admin.AdminClientConfig    : AdminClientConfig values: 
	auto.include.jmx.reporter = true
	bootstrap.servers = [localhost:51883]
	client.dns.lookup = use_all_dns_ips
	client.id = 
	connections.max.idle.ms = 300000
	default.api.timeout.ms = 60000
	metadata.max.age.ms = 300000
	metric.reporters = []
	metrics.num.samples = 2
	metrics.recording.level = INFO
	metrics.sample.window.ms = 30000
	receive.buffer.bytes = 65536
	reconnect.backoff.max.ms = 1000
	reconnect.backoff.ms = 50
	request.timeout.ms = 30000
	retries = 2147483647
	retry.backoff.ms = 100
	sasl.client.callback.handler.class = null
	sasl.jaas.config = null
	sasl.kerberos.kinit.cmd = /usr/bin/kinit
	sasl.kerberos.min.time.before.relogin = 60000
	sasl.kerberos.service.name = null
	sasl.kerberos.ticket.renew.jitter = 0.05
	sasl.kerberos.ticket.renew.window.factor = 0.8
	sasl.login.callback.handler.class = null
	sasl.login.class = null
	sasl.login.connect.timeout.ms = null
	sasl.login.read.timeout.ms = null
	sasl.login.refresh.buffer.seconds = 300
	sasl.login.refresh.min.period.seconds = 60
	sasl.login.refresh.window.factor = 0.8
	sasl.login.refresh.window.jitter = 0.05
	sasl.login.retry.backoff.max.ms = 10000
	sasl.login.retry.backoff.ms = 100
	sasl.mechanism = GSSAPI
	sasl.oauthbearer.clock.skew.seconds = 30
	sasl.oauthbearer.expected.audience = null
	sasl.oauthbearer.expected.issuer = null
	sasl.oauthbearer.jwks.endpoint.refresh.ms = 3600000
	sasl.oauthbearer.jwks.endpoint.retry.backoff.max.ms = 10000
	sasl.oauthbearer.jwks.endpoint.retry.backoff.ms = 100
	sasl.oauthbearer.jwks.endpoint.url = null
	sasl.oauthbearer.scope.claim.name = scope
	sasl.oauthbearer.sub.claim.name = sub
	sasl.oauthbearer.token.endpoint.url = null
	security.protocol = PLAINTEXT
	security.providers = null
	send.buffer.bytes = 131072
	socket.connection.setup.timeout.max.ms = 30000
	socket.connection.setup.timeout.ms = 10000
	ssl.cipher.suites = null
	ssl.enabled.protocols = [TLSv1.2, TLSv1.3]
	ssl.endpoint.identification.algorithm = https
	ssl.engine.factory.class = null
	ssl.key.password = null
	ssl.keymanager.algorithm = SunX509
	ssl.keystore.certificate.chain = null
	ssl.keystore.key = null
	ssl.keystore.location = null
	ssl.keystore.password = null
	ssl.keystore.type = JKS
	ssl.protocol = TLSv1.3
	ssl.provider = null
	ssl.secure.random.implementation = null
	ssl.trustmanager.algorithm = PKIX
	ssl.truststore.certificates = null
	ssl.truststore.location = null
	ssl.truststore.password = null
	ssl.truststore.type = JKS

2025-10-28T16:58:49.809+05:30  INFO 2712 --- [           main] o.a.kafka.common.utils.AppInfoParser     : Kafka version: 3.6.2
2025-10-28T16:58:49.810+05:30  INFO 2712 --- [           main] o.a.kafka.common.utils.AppInfoParser     : Kafka commitId: c4deed513057c94e
2025-10-28T16:58:49.810+05:30  INFO 2712 --- [           main] o.a.kafka.common.utils.AppInfoParser     : Kafka startTimeMs: 1761650929809
2025-10-28T16:58:49.821+05:30  INFO 2712 --- [| adminclient-1] o.a.kafka.common.utils.AppInfoParser     : App info kafka.admin.client for adminclient-1 unregistered
2025-10-28T16:58:49.822+05:30  INFO 2712 --- [| adminclient-1] o.a.k.c.a.i.AdminMetadataManager         : [AdminClient clientId=adminclient-1] Metadata update failed

org.apache.kafka.common.errors.TimeoutException: Timed out waiting to send the call. Call: fetchMetadata

2025-10-28T16:58:49.828+05:30  INFO 2712 --- [| adminclient-1] o.a.k.clients.admin.KafkaAdminClient     : [AdminClient clientId=adminclient-1] Timed out 1 remaining operation(s) during close.
2025-10-28T16:58:49.839+05:30  INFO 2712 --- [| adminclient-1] o.apache.kafka.common.metrics.Metrics    : Metrics scheduler closed
2025-10-28T16:58:49.839+05:30  INFO 2712 --- [| adminclient-1] o.apache.kafka.common.metrics.Metrics    : Closing reporter org.apache.kafka.common.metrics.JmxReporter
2025-10-28T16:58:49.840+05:30  INFO 2712 --- [| adminclient-1] o.apache.kafka.common.metrics.Metrics    : Metrics reporters closed
2025-10-28T16:58:49.857+05:30  INFO 2712 --- [           main] com.jpmc.midascore.TaskFiveTests         : Starting TaskFiveTests using Java 17.0.16 with PID 2712 (started by harsh in F:\JP morgan virtual project\forage-midas)
2025-10-28T16:58:49.859+05:30  INFO 2712 --- [           main] com.jpmc.midascore.TaskFiveTests         : No active profile set, falling back to 1 default profile: "default"
2025-10-28T16:58:50.967+05:30  INFO 2712 --- [           main] .s.d.r.c.RepositoryConfigurationDelegate : Bootstrapping Spring Data JPA repositories in DEFAULT mode.
2025-10-28T16:58:51.076+05:30  INFO 2712 --- [           main] .s.d.r.c.RepositoryConfigurationDelegate : Finished Spring Data repository scanning in 96 ms. Found 3 JPA repository interfaces.
2025-10-28T16:58:52.162+05:30  INFO 2712 --- [           main] o.s.b.w.embedded.tomcat.TomcatWebServer  : Tomcat initialized with port 8081 (http)
2025-10-28T16:58:52.181+05:30  INFO 2712 --- [           main] o.apache.catalina.core.StandardService   : Starting service [Tomcat]
2025-10-28T16:58:52.182+05:30  INFO 2712 --- [           main] o.apache.catalina.core.StandardEngine    : Starting Servlet engine: [Apache Tomcat/10.1.20]
2025-10-28T16:58:52.319+05:30  INFO 2712 --- [           main] o.a.c.c.C.[Tomcat].[localhost].[/]       : Initializing Spring embedded WebApplicationContext
2025-10-28T16:58:52.322+05:30  INFO 2712 --- [           main] w.s.c.ServletWebServerApplicationContext : Root WebApplicationContext: initialization completed in 2415 ms
2025-10-28T16:58:52.502+05:30  INFO 2712 --- [           main] com.zaxxer.hikari.HikariDataSource       : HikariPool-1 - Starting...
2025-10-28T16:58:52.869+05:30  INFO 2712 --- [           main] com.zaxxer.hikari.pool.HikariPool        : HikariPool-1 - Added connection conn0: url=jdbc:h2:mem:6dd9dd3d-b99c-4275-9564-8972a058a26e user=SA
2025-10-28T16:58:52.872+05:30  INFO 2712 --- [           main] com.zaxxer.hikari.HikariDataSource       : HikariPool-1 - Start completed.
2025-10-28T16:58:53.067+05:30  INFO 2712 --- [           main] o.hibernate.jpa.internal.util.LogHelper  : HHH000204: Processing PersistenceUnitInfo [name: default]
2025-10-28T16:58:53.187+05:30  INFO 2712 --- [           main] org.hibernate.Version                    : HHH000412: Hibernate ORM core version 6.4.4.Final
2025-10-28T16:58:53.253+05:30  INFO 2712 --- [           main] o.h.c.internal.RegionFactoryInitiator    : HHH000026: Second-level cache disabled
2025-10-28T16:58:53.683+05:30  INFO 2712 --- [           main] o.s.o.j.p.SpringPersistenceUnitInfo      : No LoadTimeWeaver setup: ignoring JPA class transformer
2025-10-28T16:58:55.275+05:30  INFO 2712 --- [           main] o.h.e.t.j.p.i.JtaPlatformInitiator       : HHH000489: No JTA platform available (set 'hibernate.transaction.jta.platform' to enable JTA platform integration)
2025-10-28T16:58:55.357+05:30  INFO 2712 --- [           main] j.LocalContainerEntityManagerFactoryBean : Initialized JPA EntityManagerFactory for persistence unit 'default'
2025-10-28T16:58:56.351+05:30  WARN 2712 --- [           main] JpaBaseConfiguration$JpaWebConfiguration : spring.jpa.open-in-view is enabled by default. Therefore, database queries may be performed during view rendering. Explicitly configure spring.jpa.open-in-view to disable this warning
2025-10-28T16:58:57.028+05:30  INFO 2712 --- [           main] o.s.b.w.embedded.tomcat.TomcatWebServer  : Tomcat started on port 8081 (http) with context path ''
2025-10-28T16:58:57.076+05:30  INFO 2712 --- [           main] o.a.k.clients.consumer.ConsumerConfig    : ConsumerConfig values: 
	allow.auto.create.topics = true
	auto.commit.interval.ms = 5000
	auto.include.jmx.reporter = true
	auto.offset.reset = earliest
	bootstrap.servers = [localhost:51883]
	check.crcs = true
	client.dns.lookup = use_all_dns_ips
	client.id = consumer-midas-group-1
	client.rack = 
	connections.max.idle.ms = 540000
	default.api.timeout.ms = 60000
	enable.auto.commit = false
	exclude.internal.topics = true
	fetch.max.bytes = 52428800
	fetch.max.wait.ms = 500
	fetch.min.bytes = 1
	group.id = midas-group
	group.instance.id = null
	heartbeat.interval.ms = 3000
	interceptor.classes = []
	internal.leave.group.on.close = true
	internal.throw.on.fetch.stable.offset.unsupported = false
	isolation.level = read_uncommitted
	key.deserializer = class org.apache.kafka.common.serialization.StringDeserializer
	max.partition.fetch.bytes = 1048576
	max.poll.interval.ms = 300000
	max.poll.records = 500
	metadata.max.age.ms = 300000
	metric.reporters = []
	metrics.num.samples = 2
	metrics.recording.level = INFO
	metrics.sample.window.ms = 30000
	partition.assignment.strategy = [class org.apache.kafka.clients.consumer.RangeAssignor, class org.apache.kafka.clients.consumer.CooperativeStickyAssignor]
	receive.buffer.bytes = 65536
	reconnect.backoff.max.ms = 1000
	reconnect.backoff.ms = 50
	request.timeout.ms = 30000
	retry.backoff.ms = 100
	sasl.client.callback.handler.class = null
	sasl.jaas.config = null
	sasl.kerberos.kinit.cmd = /usr/bin/kinit
	sasl.kerberos.min.time.before.relogin = 60000
	sasl.kerberos.service.name = null
	sasl.kerberos.ticket.renew.jitter = 0.05
	sasl.kerberos.ticket.renew.window.factor = 0.8
	sasl.login.callback.handler.class = null
	sasl.login.class = null
	sasl.login.connect.timeout.ms = null
	sasl.login.read.timeout.ms = null
	sasl.login.refresh.buffer.seconds = 300
	sasl.login.refresh.min.period.seconds = 60
	sasl.login.refresh.window.factor = 0.8
	sasl.login.refresh.window.jitter = 0.05
	sasl.login.retry.backoff.max.ms = 10000
	sasl.login.retry.backoff.ms = 100
	sasl.mechanism = GSSAPI
	sasl.oauthbearer.clock.skew.seconds = 30
	sasl.oauthbearer.expected.audience = null
	sasl.oauthbearer.expected.issuer = null
	sasl.oauthbearer.jwks.endpoint.refresh.ms = 3600000
	sasl.oauthbearer.jwks.endpoint.retry.backoff.max.ms = 10000
	sasl.oauthbearer.jwks.endpoint.retry.backoff.ms = 100
	sasl.oauthbearer.jwks.endpoint.url = null
	sasl.oauthbearer.scope.claim.name = scope
	sasl.oauthbearer.sub.claim.name = sub
	sasl.oauthbearer.token.endpoint.url = null
	security.protocol = PLAINTEXT
	security.providers = null
	send.buffer.bytes = 131072
	session.timeout.ms = 45000
	socket.connection.setup.timeout.max.ms = 30000
	socket.connection.setup.timeout.ms = 10000
	ssl.cipher.suites = null
	ssl.enabled.protocols = [TLSv1.2, TLSv1.3]
	ssl.endpoint.identification.algorithm = https
	ssl.engine.factory.class = null
	ssl.key.password = null
	ssl.keymanager.algorithm = SunX509
	ssl.keystore.certificate.chain = null
	ssl.keystore.key = null
	ssl.keystore.location = null
	ssl.keystore.password = null
	ssl.keystore.type = JKS
	ssl.protocol = TLSv1.3
	ssl.provider = null
	ssl.secure.random.implementation = null
	ssl.trustmanager.algorithm = PKIX
	ssl.truststore.certificates = null
	ssl.truststore.location = null
	ssl.truststore.password = null
	ssl.truststore.type = JKS
	value.deserializer = class org.springframework.kafka.support.serializer.JsonDeserializer

2025-10-28T16:58:57.152+05:30  INFO 2712 --- [           main] o.a.kafka.common.utils.AppInfoParser     : Kafka version: 3.6.2
2025-10-28T16:58:57.152+05:30  INFO 2712 --- [           main] o.a.kafka.common.utils.AppInfoParser     : Kafka commitId: c4deed513057c94e
2025-10-28T16:58:57.152+05:30  INFO 2712 --- [           main] o.a.kafka.common.utils.AppInfoParser     : Kafka startTimeMs: 1761650937152
2025-10-28T16:58:57.155+05:30  INFO 2712 --- [           main] fkaConsumerFactory$ExtendedKafkaConsumer : [Consumer clientId=consumer-midas-group-1, groupId=midas-group] Subscribed to topic(s): forage-midas-topic
2025-10-28T16:58:57.181+05:30  INFO 2712 --- [           main] com.jpmc.midascore.TaskFiveTests         : Started TaskFiveTests in 10.893 seconds (process running for 13.56)
2025-10-28T16:59:02.652+05:30  INFO 2712 --- [ntainer#0-0-C-1] o.a.k.c.c.internals.ConsumerCoordinator  : [Consumer clientId=consumer-midas-group-1, groupId=midas-group] Revoke previously assigned partitions forage-midas-topic-0
2025-10-28T16:59:02.653+05:30  INFO 2712 --- [ntainer#0-0-C-1] o.s.k.l.KafkaMessageListenerContainer    : midas-group: partitions revoked: [forage-midas-topic-0]
2025-10-28T16:59:02.654+05:30  INFO 2712 --- [ntainer#0-0-C-1] o.a.k.c.c.internals.ConsumerCoordinator  : [Consumer clientId=consumer-midas-group-1, groupId=midas-group] Member consumer-midas-group-1-29443c21-a742-4f8f-9468-78de5beb8059 sending LeaveGroup request to coordinator localhost:51883 (id: 2147483647 rack: null) due to the consumer unsubscribed from all topics
2025-10-28T16:59:02.658+05:30  INFO 2712 --- [ntainer#0-0-C-1] o.a.k.c.c.internals.ConsumerCoordinator  : [Consumer clientId=consumer-midas-group-1, groupId=midas-group] Resetting generation and member id due to: consumer pro-actively leaving the group
2025-10-28T16:59:02.658+05:30  INFO 2712 --- [ntainer#0-0-C-1] o.a.k.c.c.internals.ConsumerCoordinator  : [Consumer clientId=consumer-midas-group-1, groupId=midas-group] Request joining group due to: consumer pro-actively leaving the group
2025-10-28T16:59:02.658+05:30  INFO 2712 --- [ntainer#0-0-C-1] fkaConsumerFactory$ExtendedKafkaConsumer : [Consumer clientId=consumer-midas-group-1, groupId=midas-group] Unsubscribed all topics or patterns and assigned partitions
2025-10-28T16:59:02.660+05:30  INFO 2712 --- [ntainer#0-0-C-1] o.a.k.c.c.internals.ConsumerCoordinator  : [Consumer clientId=consumer-midas-group-1, groupId=midas-group] Resetting generation and member id due to: consumer pro-actively leaving the group
2025-10-28T16:59:02.660+05:30  INFO 2712 --- [ntainer#0-0-C-1] o.a.k.c.c.internals.ConsumerCoordinator  : [Consumer clientId=consumer-midas-group-1, groupId=midas-group] Request joining group due to: consumer pro-actively leaving the group
2025-10-28T16:59:02.672+05:30  INFO 2712 --- [quest-handler-0] k.coordinator.group.GroupCoordinator     : [GroupCoordinator 0]: Preparing to rebalance group midas-group in state PreparingRebalance with old generation 1 (__consumer_offsets-20) (reason: Removing member consumer-midas-group-1-29443c21-a742-4f8f-9468-78de5beb8059 on LeaveGroup; client reason: the consumer unsubscribed from all topics)
2025-10-28T16:59:02.674+05:30  INFO 2712 --- [quest-handler-0] k.coordinator.group.GroupCoordinator     : [GroupCoordinator 0]: Group midas-group with generation 2 is now empty (__consumer_offsets-20)
2025-10-28T16:59:02.758+05:30  INFO 2712 --- [quest-handler-0] k.coordinator.group.GroupCoordinator     : [GroupCoordinator 0]: Member MemberMetadata(memberId=consumer-midas-group-1-29443c21-a742-4f8f-9468-78de5beb8059, groupInstanceId=None, clientId=consumer-midas-group-1, clientHost=/127.0.0.1, sessionTimeoutMs=45000, rebalanceTimeoutMs=300000, supportedProtocols=List(range, cooperative-sticky)) has left group midas-group through explicit `LeaveGroup`; client reason: the consumer unsubscribed from all topics
2025-10-28T16:59:02.989+05:30  INFO 2712 --- [ntainer#0-0-C-1] o.apache.kafka.common.metrics.Metrics    : Metrics scheduler closed
2025-10-28T16:59:02.989+05:30  INFO 2712 --- [ntainer#0-0-C-1] o.apache.kafka.common.metrics.Metrics    : Closing reporter org.apache.kafka.common.metrics.JmxReporter
2025-10-28T16:59:02.990+05:30  INFO 2712 --- [ntainer#0-0-C-1] o.apache.kafka.common.metrics.Metrics    : Metrics reporters closed
2025-10-28T16:59:03.005+05:30  INFO 2712 --- [ntainer#0-0-C-1] o.a.kafka.common.utils.AppInfoParser     : App info kafka.consumer for consumer-midas-group-1 unregistered
2025-10-28T16:59:03.006+05:30  INFO 2712 --- [ntainer#0-0-C-1] o.s.k.l.KafkaMessageListenerContainer    : midas-group: Consumer stopped
2025-10-28T16:59:03.041+05:30  INFO 2712 --- [           main] o.a.k.clients.producer.KafkaProducer     : [Producer clientId=producer-1] Closing the Kafka producer with timeoutMillis = 30000 ms.
2025-10-28T16:59:03.045+05:30  INFO 2712 --- [           main] o.apache.kafka.common.metrics.Metrics    : Metrics scheduler closed
2025-10-28T16:59:03.049+05:30  INFO 2712 --- [           main] o.apache.kafka.common.metrics.Metrics    : Closing reporter org.apache.kafka.common.metrics.JmxReporter
2025-10-28T16:59:03.050+05:30  INFO 2712 --- [           main] o.apache.kafka.common.metrics.Metrics    : Metrics reporters closed
2025-10-28T16:59:03.050+05:30  INFO 2712 --- [           main] o.a.kafka.common.utils.AppInfoParser     : App info kafka.producer for producer-1 unregistered
2025-10-28T16:59:03.056+05:30  INFO 2712 --- [-kit-executor-4] kafka.server.BrokerServer                : [BrokerServer id=0] Transition from STARTED to SHUTTING_DOWN
2025-10-28T16:59:03.057+05:30  INFO 2712 --- [-kit-executor-4] kafka.server.BrokerServer                : [BrokerServer id=0] shutting down
2025-10-28T16:59:03.058+05:30  INFO 2712 --- [r-event-handler] kafka.server.BrokerLifecycleManager      : [BrokerLifecycleManager id=0] Beginning controlled shutdown.
2025-10-28T16:59:03.063+05:30  INFO 2712 --- [0-event-handler] o.a.k.controller.BrokerHeartbeatManager  : [QuorumController id=0] Unfenced broker 0 has requested and been granted a controlled shutdown.
2025-10-28T16:59:03.074+05:30  INFO 2712 --- [0-event-handler] o.a.k.c.ReplicationControlManager        : [QuorumController id=0] enterControlledShutdown[0]: changing 51 partition(s)
2025-10-28T16:59:03.074+05:30  INFO 2712 --- [0-event-handler] o.a.k.controller.ClusterControlManager   : [QuorumController id=0] Replayed BrokerRegistrationChangeRecord modifying the registration for broker 0: BrokerRegistrationChangeRecord(brokerId=0, brokerEpoch=5, fenced=0, inControlledShutdown=1)
2025-10-28T16:59:03.124+05:30  INFO 2712 --- [channel-manager] kafka.server.BrokerLifecycleManager      : [BrokerLifecycleManager id=0] The broker is in PENDING_CONTROLLED_SHUTDOWN state, still waiting for the active controller.
2025-10-28T16:59:03.125+05:30  INFO 2712 --- [r-event-handler] state.change.logger                      : [Broker id=0] Transitioning 51 partition(s) to local followers.
2025-10-28T16:59:03.135+05:30  INFO 2712 --- [r-event-handler] state.change.logger                      : [Broker id=0] Follower __consumer_offsets-13 starts at leader epoch 1 from offset 0 with partition epoch 1 and high watermark 0. Current leader is -1. Previous leader Some(-1) and previous leader epoch was 1.
2025-10-28T16:59:03.137+05:30  INFO 2712 --- [r-event-handler] state.change.logger                      : [Broker id=0] Follower __consumer_offsets-46 starts at leader epoch 1 from offset 0 with partition epoch 1 and high watermark 0. Current leader is -1. Previous leader Some(-1) and previous leader epoch was 1.
2025-10-28T16:59:03.138+05:30  INFO 2712 --- [r-event-handler] state.change.logger                      : [Broker id=0] Follower __consumer_offsets-9 starts at leader epoch 1 from offset 0 with partition epoch 1 and high watermark 0. Current leader is -1. Previous leader Some(-1) and previous leader epoch was 1.
2025-10-28T16:59:03.138+05:30  INFO 2712 --- [r-event-handler] state.change.logger                      : [Broker id=0] Follower __consumer_offsets-42 starts at leader epoch 1 from offset 0 with partition epoch 1 and high watermark 0. Current leader is -1. Previous leader Some(-1) and previous leader epoch was 1.
2025-10-28T16:59:03.138+05:30  INFO 2712 --- [r-event-handler] state.change.logger                      : [Broker id=0] Follower __consumer_offsets-21 starts at leader epoch 1 from offset 0 with partition epoch 1 and high watermark 0. Current leader is -1. Previous leader Some(-1) and previous leader epoch was 1.
2025-10-28T16:59:03.139+05:30  INFO 2712 --- [r-event-handler] state.change.logger                      : [Broker id=0] Follower __consumer_offsets-17 starts at leader epoch 1 from offset 0 with partition epoch 1 and high watermark 0. Current leader is -1. Previous leader Some(-1) and previous leader epoch was 1.
2025-10-28T16:59:03.139+05:30  INFO 2712 --- [r-event-handler] state.change.logger                      : [Broker id=0] Follower __consumer_offsets-30 starts at leader epoch 1 from offset 0 with partition epoch 1 and high watermark 0. Current leader is -1. Previous leader Some(-1) and previous leader epoch was 1.
2025-10-28T16:59:03.139+05:30  INFO 2712 --- [r-event-handler] state.change.logger                      : [Broker id=0] Follower __consumer_offsets-26 starts at leader epoch 1 from offset 0 with partition epoch 1 and high watermark 0. Current leader is -1. Previous leader Some(-1) and previous leader epoch was 1.
2025-10-28T16:59:03.139+05:30  INFO 2712 --- [r-event-handler] state.change.logger                      : [Broker id=0] Follower __consumer_offsets-5 starts at leader epoch 1 from offset 0 with partition epoch 1 and high watermark 0. Current leader is -1. Previous leader Some(-1) and previous leader epoch was 1.
2025-10-28T16:59:03.139+05:30  INFO 2712 --- [r-event-handler] state.change.logger                      : [Broker id=0] Follower __consumer_offsets-38 starts at leader epoch 1 from offset 0 with partition epoch 1 and high watermark 0. Current leader is -1. Previous leader Some(-1) and previous leader epoch was 1.
2025-10-28T16:59:03.139+05:30  INFO 2712 --- [r-event-handler] state.change.logger                      : [Broker id=0] Follower __consumer_offsets-1 starts at leader epoch 1 from offset 0 with partition epoch 1 and high watermark 0. Current leader is -1. Previous leader Some(-1) and previous leader epoch was 1.
2025-10-28T16:59:03.140+05:30  INFO 2712 --- [r-event-handler] state.change.logger                      : [Broker id=0] Follower __consumer_offsets-34 starts at leader epoch 1 from offset 0 with partition epoch 1 and high watermark 0. Current leader is -1. Previous leader Some(-1) and previous leader epoch was 1.
2025-10-28T16:59:03.140+05:30  INFO 2712 --- [r-event-handler] state.change.logger                      : [Broker id=0] Follower __consumer_offsets-16 starts at leader epoch 1 from offset 0 with partition epoch 1 and high watermark 0. Current leader is -1. Previous leader Some(-1) and previous leader epoch was 1.
2025-10-28T16:59:03.140+05:30  INFO 2712 --- [r-event-handler] state.change.logger                      : [Broker id=0] Follower __consumer_offsets-45 starts at leader epoch 1 from offset 0 with partition epoch 1 and high watermark 0. Current leader is -1. Previous leader Some(-1) and previous leader epoch was 1.
2025-10-28T16:59:03.140+05:30  INFO 2712 --- [r-event-handler] state.change.logger                      : [Broker id=0] Follower __consumer_offsets-12 starts at leader epoch 1 from offset 0 with partition epoch 1 and high watermark 0. Current leader is -1. Previous leader Some(-1) and previous leader epoch was 1.
2025-10-28T16:59:03.140+05:30  INFO 2712 --- [r-event-handler] state.change.logger                      : [Broker id=0] Follower __consumer_offsets-41 starts at leader epoch 1 from offset 0 with partition epoch 1 and high watermark 0. Current leader is -1. Previous leader Some(-1) and previous leader epoch was 1.
2025-10-28T16:59:03.141+05:30  INFO 2712 --- [r-event-handler] state.change.logger                      : [Broker id=0] Follower __consumer_offsets-24 starts at leader epoch 1 from offset 0 with partition epoch 1 and high watermark 0. Current leader is -1. Previous leader Some(-1) and previous leader epoch was 1.
2025-10-28T16:59:03.142+05:30  INFO 2712 --- [r-event-handler] state.change.logger                      : [Broker id=0] Follower __consumer_offsets-20 starts at leader epoch 1 from offset 3 with partition epoch 1 and high watermark 3. Current leader is -1. Previous leader Some(-1) and previous leader epoch was 1.
2025-10-28T16:59:03.142+05:30  INFO 2712 --- [r-event-handler] state.change.logger                      : [Broker id=0] Follower __consumer_offsets-49 starts at leader epoch 1 from offset 0 with partition epoch 1 and high watermark 0. Current leader is -1. Previous leader Some(-1) and previous leader epoch was 1.
2025-10-28T16:59:03.143+05:30  INFO 2712 --- [r-event-handler] state.change.logger                      : [Broker id=0] Follower __consumer_offsets-0 starts at leader epoch 1 from offset 0 with partition epoch 1 and high watermark 0. Current leader is -1. Previous leader Some(-1) and previous leader epoch was 1.
2025-10-28T16:59:03.143+05:30  INFO 2712 --- [r-event-handler] state.change.logger                      : [Broker id=0] Follower __consumer_offsets-29 starts at leader epoch 1 from offset 0 with partition epoch 1 and high watermark 0. Current leader is -1. Previous leader Some(-1) and previous leader epoch was 1.
2025-10-28T16:59:03.143+05:30  INFO 2712 --- [r-event-handler] state.change.logger                      : [Broker id=0] Follower __consumer_offsets-25 starts at leader epoch 1 from offset 0 with partition epoch 1 and high watermark 0. Current leader is -1. Previous leader Some(-1) and previous leader epoch was 1.
2025-10-28T16:59:03.144+05:30  INFO 2712 --- [r-event-handler] state.change.logger                      : [Broker id=0] Follower __consumer_offsets-8 starts at leader epoch 1 from offset 0 with partition epoch 1 and high watermark 0. Current leader is -1. Previous leader Some(-1) and previous leader epoch was 1.
2025-10-28T16:59:03.144+05:30  INFO 2712 --- [r-event-handler] state.change.logger                      : [Broker id=0] Follower __consumer_offsets-37 starts at leader epoch 1 from offset 0 with partition epoch 1 and high watermark 0. Current leader is -1. Previous leader Some(-1) and previous leader epoch was 1.
2025-10-28T16:59:03.145+05:30  INFO 2712 --- [r-event-handler] state.change.logger                      : [Broker id=0] Follower __consumer_offsets-4 starts at leader epoch 1 from offset 0 with partition epoch 1 and high watermark 0. Current leader is -1. Previous leader Some(-1) and previous leader epoch was 1.
2025-10-28T16:59:03.145+05:30  INFO 2712 --- [r-event-handler] state.change.logger                      : [Broker id=0] Follower __consumer_offsets-33 starts at leader epoch 1 from offset 0 with partition epoch 1 and high watermark 0. Current leader is -1. Previous leader Some(-1) and previous leader epoch was 1.
2025-10-28T16:59:03.145+05:30  INFO 2712 --- [r-event-handler] state.change.logger                      : [Broker id=0] Follower __consumer_offsets-15 starts at leader epoch 1 from offset 0 with partition epoch 1 and high watermark 0. Current leader is -1. Previous leader Some(-1) and previous leader epoch was 1.
2025-10-28T16:59:03.145+05:30  INFO 2712 --- [r-event-handler] state.change.logger                      : [Broker id=0] Follower __consumer_offsets-48 starts at leader epoch 1 from offset 0 with partition epoch 1 and high watermark 0. Current leader is -1. Previous leader Some(-1) and previous leader epoch was 1.
2025-10-28T16:59:03.145+05:30  INFO 2712 --- [r-event-handler] state.change.logger                      : [Broker id=0] Follower __consumer_offsets-11 starts at leader epoch 1 from offset 0 with partition epoch 1 and high watermark 0. Current leader is -1. Previous leader Some(-1) and previous leader epoch was 1.
2025-10-28T16:59:03.145+05:30  INFO 2712 --- [r-event-handler] state.change.logger                      : [Broker id=0] Follower __consumer_offsets-44 starts at leader epoch 1 from offset 0 with partition epoch 1 and high watermark 0. Current leader is -1. Previous leader Some(-1) and previous leader epoch was 1.
2025-10-28T16:59:03.146+05:30  INFO 2712 --- [r-event-handler] state.change.logger                      : [Broker id=0] Follower forage-midas-topic-0 starts at leader epoch 1 from offset 22 with partition epoch 1 and high watermark 22. Current leader is -1. Previous leader Some(-1) and previous leader epoch was 1.
2025-10-28T16:59:03.146+05:30  INFO 2712 --- [r-event-handler] state.change.logger                      : [Broker id=0] Follower __consumer_offsets-23 starts at leader epoch 1 from offset 0 with partition epoch 1 and high watermark 0. Current leader is -1. Previous leader Some(-1) and previous leader epoch was 1.
2025-10-28T16:59:03.146+05:30  INFO 2712 --- [r-event-handler] state.change.logger                      : [Broker id=0] Follower __consumer_offsets-19 starts at leader epoch 1 from offset 0 with partition epoch 1 and high watermark 0. Current leader is -1. Previous leader Some(-1) and previous leader epoch was 1.
2025-10-28T16:59:03.147+05:30  INFO 2712 --- [r-event-handler] state.change.logger                      : [Broker id=0] Follower __consumer_offsets-32 starts at leader epoch 1 from offset 0 with partition epoch 1 and high watermark 0. Current leader is -1. Previous leader Some(-1) and previous leader epoch was 1.
2025-10-28T16:59:03.147+05:30  INFO 2712 --- [r-event-handler] state.change.logger                      : [Broker id=0] Follower __consumer_offsets-28 starts at leader epoch 1 from offset 0 with partition epoch 1 and high watermark 0. Current leader is -1. Previous leader Some(-1) and previous leader epoch was 1.
2025-10-28T16:59:03.147+05:30  INFO 2712 --- [r-event-handler] state.change.logger                      : [Broker id=0] Follower __consumer_offsets-7 starts at leader epoch 1 from offset 0 with partition epoch 1 and high watermark 0. Current leader is -1. Previous leader Some(-1) and previous leader epoch was 1.
2025-10-28T16:59:03.147+05:30  INFO 2712 --- [r-event-handler] state.change.logger                      : [Broker id=0] Follower __consumer_offsets-40 starts at leader epoch 1 from offset 0 with partition epoch 1 and high watermark 0. Current leader is -1. Previous leader Some(-1) and previous leader epoch was 1.
2025-10-28T16:59:03.147+05:30  INFO 2712 --- [r-event-handler] state.change.logger                      : [Broker id=0] Follower __consumer_offsets-3 starts at leader epoch 1 from offset 0 with partition epoch 1 and high watermark 0. Current leader is -1. Previous leader Some(-1) and previous leader epoch was 1.
2025-10-28T16:59:03.148+05:30  INFO 2712 --- [r-event-handler] state.change.logger                      : [Broker id=0] Follower __consumer_offsets-36 starts at leader epoch 1 from offset 0 with partition epoch 1 and high watermark 0. Current leader is -1. Previous leader Some(-1) and previous leader epoch was 1.
2025-10-28T16:59:03.148+05:30  INFO 2712 --- [r-event-handler] state.change.logger                      : [Broker id=0] Follower __consumer_offsets-47 starts at leader epoch 1 from offset 0 with partition epoch 1 and high watermark 0. Current leader is -1. Previous leader Some(-1) and previous leader epoch was 1.
2025-10-28T16:59:03.148+05:30  INFO 2712 --- [r-event-handler] state.change.logger                      : [Broker id=0] Follower __consumer_offsets-14 starts at leader epoch 1 from offset 0 with partition epoch 1 and high watermark 0. Current leader is -1. Previous leader Some(-1) and previous leader epoch was 1.
2025-10-28T16:59:03.150+05:30  INFO 2712 --- [r-event-handler] state.change.logger                      : [Broker id=0] Follower __consumer_offsets-43 starts at leader epoch 1 from offset 0 with partition epoch 1 and high watermark 0. Current leader is -1. Previous leader Some(-1) and previous leader epoch was 1.
2025-10-28T16:59:03.150+05:30  INFO 2712 --- [r-event-handler] state.change.logger                      : [Broker id=0] Follower __consumer_offsets-10 starts at leader epoch 1 from offset 0 with partition epoch 1 and high watermark 0. Current leader is -1. Previous leader Some(-1) and previous leader epoch was 1.
2025-10-28T16:59:03.151+05:30  INFO 2712 --- [r-event-handler] state.change.logger                      : [Broker id=0] Follower __consumer_offsets-22 starts at leader epoch 1 from offset 0 with partition epoch 1 and high watermark 0. Current leader is -1. Previous leader Some(-1) and previous leader epoch was 1.
2025-10-28T16:59:03.152+05:30  INFO 2712 --- [r-event-handler] state.change.logger                      : [Broker id=0] Follower __consumer_offsets-18 starts at leader epoch 1 from offset 0 with partition epoch 1 and high watermark 0. Current leader is -1. Previous leader Some(-1) and previous leader epoch was 1.
2025-10-28T16:59:03.152+05:30  INFO 2712 --- [r-event-handler] state.change.logger                      : [Broker id=0] Follower __consumer_offsets-31 starts at leader epoch 1 from offset 0 with partition epoch 1 and high watermark 0. Current leader is -1. Previous leader Some(-1) and previous leader epoch was 1.
2025-10-28T16:59:03.152+05:30  INFO 2712 --- [r-event-handler] state.change.logger                      : [Broker id=0] Follower __consumer_offsets-27 starts at leader epoch 1 from offset 0 with partition epoch 1 and high watermark 0. Current leader is -1. Previous leader Some(-1) and previous leader epoch was 1.
2025-10-28T16:59:03.152+05:30  INFO 2712 --- [r-event-handler] state.change.logger                      : [Broker id=0] Follower __consumer_offsets-39 starts at leader epoch 1 from offset 0 with partition epoch 1 and high watermark 0. Current leader is -1. Previous leader Some(-1) and previous leader epoch was 1.
2025-10-28T16:59:03.152+05:30  INFO 2712 --- [r-event-handler] state.change.logger                      : [Broker id=0] Follower __consumer_offsets-6 starts at leader epoch 1 from offset 0 with partition epoch 1 and high watermark 0. Current leader is -1. Previous leader Some(-1) and previous leader epoch was 1.
2025-10-28T16:59:03.153+05:30  INFO 2712 --- [r-event-handler] state.change.logger                      : [Broker id=0] Follower __consumer_offsets-35 starts at leader epoch 1 from offset 0 with partition epoch 1 and high watermark 0. Current leader is -1. Previous leader Some(-1) and previous leader epoch was 1.
2025-10-28T16:59:03.153+05:30  INFO 2712 --- [r-event-handler] state.change.logger                      : [Broker id=0] Follower __consumer_offsets-2 starts at leader epoch 1 from offset 0 with partition epoch 1 and high watermark 0. Current leader is -1. Previous leader Some(-1) and previous leader epoch was 1.
2025-10-28T16:59:03.161+05:30  INFO 2712 --- [r-event-handler] kafka.server.ReplicaFetcherManager       : [ReplicaFetcherManager on broker 0] Removed fetcher for partitions HashSet(__consumer_offsets-22, __consumer_offsets-30, __consumer_offsets-25, __consumer_offsets-35, __consumer_offsets-37, __consumer_offsets-38, __consumer_offsets-13, __consumer_offsets-8, __consumer_offsets-21, __consumer_offsets-4, __consumer_offsets-27, __consumer_offsets-7, __consumer_offsets-9, __consumer_offsets-46, __consumer_offsets-41, __consumer_offsets-33, __consumer_offsets-23, __consumer_offsets-49, __consumer_offsets-47, __consumer_offsets-16, __consumer_offsets-28, __consumer_offsets-31, __consumer_offsets-36, __consumer_offsets-42, __consumer_offsets-3, __consumer_offsets-18, __consumer_offsets-15, __consumer_offsets-24, forage-midas-topic-0, __consumer_offsets-17, __consumer_offsets-48, __consumer_offsets-19, __consumer_offsets-11, __consumer_offsets-2, __consumer_offsets-43, __consumer_offsets-6, __consumer_offsets-14, __consumer_offsets-20, __consumer_offsets-0, __consumer_offsets-44, __consumer_offsets-39, __consumer_offsets-12, __consumer_offsets-45, __consumer_offsets-1, __consumer_offsets-5, __consumer_offsets-26, __consumer_offsets-29, __consumer_offsets-34, __consumer_offsets-10, __consumer_offsets-32, __consumer_offsets-40)
2025-10-28T16:59:03.161+05:30  INFO 2712 --- [r-event-handler] k.server.ReplicaAlterLogDirsManager      : [ReplicaAlterLogDirsManager on broker 0] Removed fetcher for partitions HashSet(__consumer_offsets-22, __consumer_offsets-30, __consumer_offsets-25, __consumer_offsets-35, __consumer_offsets-37, __consumer_offsets-38, __consumer_offsets-13, __consumer_offsets-8, __consumer_offsets-21, __consumer_offsets-4, __consumer_offsets-27, __consumer_offsets-7, __consumer_offsets-9, __consumer_offsets-46, __consumer_offsets-41, __consumer_offsets-33, __consumer_offsets-23, __consumer_offsets-49, __consumer_offsets-47, __consumer_offsets-16, __consumer_offsets-28, __consumer_offsets-31, __consumer_offsets-36, __consumer_offsets-42, __consumer_offsets-3, __consumer_offsets-18, __consumer_offsets-15, __consumer_offsets-24, forage-midas-topic-0, __consumer_offsets-17, __consumer_offsets-48, __consumer_offsets-19, __consumer_offsets-11, __consumer_offsets-2, __consumer_offsets-43, __consumer_offsets-6, __consumer_offsets-14, __consumer_offsets-20, __consumer_offsets-0, __consumer_offsets-44, __consumer_offsets-39, __consumer_offsets-12, __consumer_offsets-45, __consumer_offsets-1, __consumer_offsets-5, __consumer_offsets-26, __consumer_offsets-29, __consumer_offsets-34, __consumer_offsets-10, __consumer_offsets-32, __consumer_offsets-40)
2025-10-28T16:59:03.166+05:30  INFO 2712 --- [r-event-handler] state.change.logger                      : [Broker id=0] Stopped fetchers as part of controlled shutdown for 51 partitions
2025-10-28T16:59:03.168+05:30  INFO 2712 --- [r-event-handler] k.coordinator.group.GroupCoordinator     : [GroupCoordinator 0]: Resigned as the group coordinator for partition 13 in epoch OptionalInt[1]
2025-10-28T16:59:03.169+05:30  INFO 2712 --- [r-event-handler] k.c.group.GroupMetadataManager           : [GroupMetadataManager brokerId=0] Scheduling unloading of offsets and group metadata from __consumer_offsets-13
2025-10-28T16:59:03.169+05:30  INFO 2712 --- [r-event-handler] k.coordinator.group.GroupCoordinator     : [GroupCoordinator 0]: Resigned as the group coordinator for partition 46 in epoch OptionalInt[1]
2025-10-28T16:59:03.169+05:30  INFO 2712 --- [r-event-handler] k.c.group.GroupMetadataManager           : [GroupMetadataManager brokerId=0] Scheduling unloading of offsets and group metadata from __consumer_offsets-46
2025-10-28T16:59:03.170+05:30  INFO 2712 --- [r-event-handler] k.coordinator.group.GroupCoordinator     : [GroupCoordinator 0]: Resigned as the group coordinator for partition 9 in epoch OptionalInt[1]
2025-10-28T16:59:03.173+05:30  INFO 2712 --- [adata-manager-0] k.c.group.GroupMetadataManager           : [GroupMetadataManager brokerId=0] Finished unloading __consumer_offsets-13 for coordinator epoch OptionalInt[1]. Removed 0 cached offsets and 0 cached groups.
2025-10-28T16:59:03.174+05:30  INFO 2712 --- [r-event-handler] k.c.group.GroupMetadataManager           : [GroupMetadataManager brokerId=0] Scheduling unloading of offsets and group metadata from __consumer_offsets-9
2025-10-28T16:59:03.174+05:30  INFO 2712 --- [adata-manager-0] k.c.group.GroupMetadataManager           : [GroupMetadataManager brokerId=0] Finished unloading __consumer_offsets-46 for coordinator epoch OptionalInt[1]. Removed 0 cached offsets and 0 cached groups.
2025-10-28T16:59:03.174+05:30  INFO 2712 --- [r-event-handler] k.coordinator.group.GroupCoordinator     : [GroupCoordinator 0]: Resigned as the group coordinator for partition 42 in epoch OptionalInt[1]
2025-10-28T16:59:03.174+05:30  INFO 2712 --- [r-event-handler] k.c.group.GroupMetadataManager           : [GroupMetadataManager brokerId=0] Scheduling unloading of offsets and group metadata from __consumer_offsets-42
2025-10-28T16:59:03.174+05:30  INFO 2712 --- [adata-manager-0] k.c.group.GroupMetadataManager           : [GroupMetadataManager brokerId=0] Finished unloading __consumer_offsets-9 for coordinator epoch OptionalInt[1]. Removed 0 cached offsets and 0 cached groups.
2025-10-28T16:59:03.174+05:30  INFO 2712 --- [adata-manager-0] k.c.group.GroupMetadataManager           : [GroupMetadataManager brokerId=0] Finished unloading __consumer_offsets-42 for coordinator epoch OptionalInt[1]. Removed 0 cached offsets and 0 cached groups.
2025-10-28T16:59:03.175+05:30  INFO 2712 --- [r-event-handler] k.coordinator.group.GroupCoordinator     : [GroupCoordinator 0]: Resigned as the group coordinator for partition 21 in epoch OptionalInt[1]
2025-10-28T16:59:03.175+05:30  INFO 2712 --- [r-event-handler] k.c.group.GroupMetadataManager           : [GroupMetadataManager brokerId=0] Scheduling unloading of offsets and group metadata from __consumer_offsets-21
2025-10-28T16:59:03.175+05:30  INFO 2712 --- [r-event-handler] k.coordinator.group.GroupCoordinator     : [GroupCoordinator 0]: Resigned as the group coordinator for partition 17 in epoch OptionalInt[1]
2025-10-28T16:59:03.175+05:30  INFO 2712 --- [r-event-handler] k.c.group.GroupMetadataManager           : [GroupMetadataManager brokerId=0] Scheduling unloading of offsets and group metadata from __consumer_offsets-17
2025-10-28T16:59:03.175+05:30  INFO 2712 --- [r-event-handler] k.coordinator.group.GroupCoordinator     : [GroupCoordinator 0]: Resigned as the group coordinator for partition 30 in epoch OptionalInt[1]
2025-10-28T16:59:03.175+05:30  INFO 2712 --- [r-event-handler] k.c.group.GroupMetadataManager           : [GroupMetadataManager brokerId=0] Scheduling unloading of offsets and group metadata from __consumer_offsets-30
2025-10-28T16:59:03.175+05:30  INFO 2712 --- [r-event-handler] k.coordinator.group.GroupCoordinator     : [GroupCoordinator 0]: Resigned as the group coordinator for partition 26 in epoch OptionalInt[1]
2025-10-28T16:59:03.175+05:30  INFO 2712 --- [adata-manager-0] k.c.group.GroupMetadataManager           : [GroupMetadataManager brokerId=0] Finished unloading __consumer_offsets-21 for coordinator epoch OptionalInt[1]. Removed 0 cached offsets and 0 cached groups.
2025-10-28T16:59:03.176+05:30  INFO 2712 --- [adata-manager-0] k.c.group.GroupMetadataManager           : [GroupMetadataManager brokerId=0] Finished unloading __consumer_offsets-17 for coordinator epoch OptionalInt[1]. Removed 0 cached offsets and 0 cached groups.
2025-10-28T16:59:03.176+05:30  INFO 2712 --- [adata-manager-0] k.c.group.GroupMetadataManager           : [GroupMetadataManager brokerId=0] Finished unloading __consumer_offsets-30 for coordinator epoch OptionalInt[1]. Removed 0 cached offsets and 0 cached groups.
2025-10-28T16:59:03.175+05:30  INFO 2712 --- [r-event-handler] k.c.group.GroupMetadataManager           : [GroupMetadataManager brokerId=0] Scheduling unloading of offsets and group metadata from __consumer_offsets-26
2025-10-28T16:59:03.177+05:30  INFO 2712 --- [r-event-handler] k.coordinator.group.GroupCoordinator     : [GroupCoordinator 0]: Resigned as the group coordinator for partition 5 in epoch OptionalInt[1]
2025-10-28T16:59:03.178+05:30  INFO 2712 --- [r-event-handler] k.c.group.GroupMetadataManager           : [GroupMetadataManager brokerId=0] Scheduling unloading of offsets and group metadata from __consumer_offsets-5
2025-10-28T16:59:03.178+05:30  INFO 2712 --- [r-event-handler] k.coordinator.group.GroupCoordinator     : [GroupCoordinator 0]: Resigned as the group coordinator for partition 38 in epoch OptionalInt[1]
2025-10-28T16:59:03.178+05:30  INFO 2712 --- [r-event-handler] k.c.group.GroupMetadataManager           : [GroupMetadataManager brokerId=0] Scheduling unloading of offsets and group metadata from __consumer_offsets-38
2025-10-28T16:59:03.179+05:30  INFO 2712 --- [r-event-handler] k.coordinator.group.GroupCoordinator     : [GroupCoordinator 0]: Resigned as the group coordinator for partition 1 in epoch OptionalInt[1]
2025-10-28T16:59:03.179+05:30  INFO 2712 --- [r-event-handler] k.c.group.GroupMetadataManager           : [GroupMetadataManager brokerId=0] Scheduling unloading of offsets and group metadata from __consumer_offsets-1
2025-10-28T16:59:03.179+05:30  INFO 2712 --- [r-event-handler] k.coordinator.group.GroupCoordinator     : [GroupCoordinator 0]: Resigned as the group coordinator for partition 34 in epoch OptionalInt[1]
2025-10-28T16:59:03.179+05:30  INFO 2712 --- [r-event-handler] k.c.group.GroupMetadataManager           : [GroupMetadataManager brokerId=0] Scheduling unloading of offsets and group metadata from __consumer_offsets-34
2025-10-28T16:59:03.179+05:30  INFO 2712 --- [r-event-handler] k.coordinator.group.GroupCoordinator     : [GroupCoordinator 0]: Resigned as the group coordinator for partition 16 in epoch OptionalInt[1]
2025-10-28T16:59:03.179+05:30  INFO 2712 --- [r-event-handler] k.c.group.GroupMetadataManager           : [GroupMetadataManager brokerId=0] Scheduling unloading of offsets and group metadata from __consumer_offsets-16
2025-10-28T16:59:03.180+05:30  INFO 2712 --- [r-event-handler] k.coordinator.group.GroupCoordinator     : [GroupCoordinator 0]: Resigned as the group coordinator for partition 45 in epoch OptionalInt[1]
2025-10-28T16:59:03.180+05:30  INFO 2712 --- [r-event-handler] k.c.group.GroupMetadataManager           : [GroupMetadataManager brokerId=0] Scheduling unloading of offsets and group metadata from __consumer_offsets-45
2025-10-28T16:59:03.180+05:30  INFO 2712 --- [r-event-handler] k.coordinator.group.GroupCoordinator     : [GroupCoordinator 0]: Resigned as the group coordinator for partition 12 in epoch OptionalInt[1]
2025-10-28T16:59:03.180+05:30  INFO 2712 --- [r-event-handler] k.c.group.GroupMetadataManager           : [GroupMetadataManager brokerId=0] Scheduling unloading of offsets and group metadata from __consumer_offsets-12
2025-10-28T16:59:03.180+05:30  INFO 2712 --- [r-event-handler] k.coordinator.group.GroupCoordinator     : [GroupCoordinator 0]: Resigned as the group coordinator for partition 41 in epoch OptionalInt[1]
2025-10-28T16:59:03.180+05:30  INFO 2712 --- [r-event-handler] k.c.group.GroupMetadataManager           : [GroupMetadataManager brokerId=0] Scheduling unloading of offsets and group metadata from __consumer_offsets-41
2025-10-28T16:59:03.181+05:30  INFO 2712 --- [r-event-handler] k.coordinator.group.GroupCoordinator     : [GroupCoordinator 0]: Resigned as the group coordinator for partition 24 in epoch OptionalInt[1]
2025-10-28T16:59:03.181+05:30  INFO 2712 --- [r-event-handler] k.c.group.GroupMetadataManager           : [GroupMetadataManager brokerId=0] Scheduling unloading of offsets and group metadata from __consumer_offsets-24
2025-10-28T16:59:03.181+05:30  INFO 2712 --- [r-event-handler] k.coordinator.group.GroupCoordinator     : [GroupCoordinator 0]: Resigned as the group coordinator for partition 20 in epoch OptionalInt[1]
2025-10-28T16:59:03.181+05:30  INFO 2712 --- [r-event-handler] k.c.group.GroupMetadataManager           : [GroupMetadataManager brokerId=0] Scheduling unloading of offsets and group metadata from __consumer_offsets-20
2025-10-28T16:59:03.181+05:30  INFO 2712 --- [r-event-handler] k.coordinator.group.GroupCoordinator     : [GroupCoordinator 0]: Resigned as the group coordinator for partition 49 in epoch OptionalInt[1]
2025-10-28T16:59:03.181+05:30  INFO 2712 --- [r-event-handler] k.c.group.GroupMetadataManager           : [GroupMetadataManager brokerId=0] Scheduling unloading of offsets and group metadata from __consumer_offsets-49
2025-10-28T16:59:03.182+05:30  INFO 2712 --- [r-event-handler] k.coordinator.group.GroupCoordinator     : [GroupCoordinator 0]: Resigned as the group coordinator for partition 0 in epoch OptionalInt[1]
2025-10-28T16:59:03.182+05:30  INFO 2712 --- [r-event-handler] k.c.group.GroupMetadataManager           : [GroupMetadataManager brokerId=0] Scheduling unloading of offsets and group metadata from __consumer_offsets-0
2025-10-28T16:59:03.182+05:30  INFO 2712 --- [r-event-handler] k.coordinator.group.GroupCoordinator     : [GroupCoordinator 0]: Resigned as the group coordinator for partition 29 in epoch OptionalInt[1]
2025-10-28T16:59:03.182+05:30  INFO 2712 --- [r-event-handler] k.c.group.GroupMetadataManager           : [GroupMetadataManager brokerId=0] Scheduling unloading of offsets and group metadata from __consumer_offsets-29
2025-10-28T16:59:03.183+05:30  INFO 2712 --- [adata-manager-0] k.c.group.GroupMetadataManager           : [GroupMetadataManager brokerId=0] Finished unloading __consumer_offsets-26 for coordinator epoch OptionalInt[1]. Removed 0 cached offsets and 0 cached groups.
2025-10-28T16:59:03.182+05:30  INFO 2712 --- [r-event-handler] k.coordinator.group.GroupCoordinator     : [GroupCoordinator 0]: Resigned as the group coordinator for partition 25 in epoch OptionalInt[1]
2025-10-28T16:59:03.184+05:30  INFO 2712 --- [adata-manager-0] k.c.group.GroupMetadataManager           : [GroupMetadataManager brokerId=0] Finished unloading __consumer_offsets-5 for coordinator epoch OptionalInt[1]. Removed 0 cached offsets and 0 cached groups.
2025-10-28T16:59:03.184+05:30  INFO 2712 --- [adata-manager-0] k.c.group.GroupMetadataManager           : [GroupMetadataManager brokerId=0] Finished unloading __consumer_offsets-38 for coordinator epoch OptionalInt[1]. Removed 0 cached offsets and 0 cached groups.
2025-10-28T16:59:03.184+05:30  INFO 2712 --- [adata-manager-0] k.c.group.GroupMetadataManager           : [GroupMetadataManager brokerId=0] Finished unloading __consumer_offsets-1 for coordinator epoch OptionalInt[1]. Removed 0 cached offsets and 0 cached groups.
2025-10-28T16:59:03.184+05:30  INFO 2712 --- [adata-manager-0] k.c.group.GroupMetadataManager           : [GroupMetadataManager brokerId=0] Finished unloading __consumer_offsets-34 for coordinator epoch OptionalInt[1]. Removed 0 cached offsets and 0 cached groups.
2025-10-28T16:59:03.184+05:30  INFO 2712 --- [adata-manager-0] k.c.group.GroupMetadataManager           : [GroupMetadataManager brokerId=0] Finished unloading __consumer_offsets-16 for coordinator epoch OptionalInt[1]. Removed 0 cached offsets and 0 cached groups.
2025-10-28T16:59:03.184+05:30  INFO 2712 --- [r-event-handler] k.c.group.GroupMetadataManager           : [GroupMetadataManager brokerId=0] Scheduling unloading of offsets and group metadata from __consumer_offsets-25
2025-10-28T16:59:03.186+05:30  INFO 2712 --- [adata-manager-0] k.c.group.GroupMetadataManager           : [GroupMetadataManager brokerId=0] Finished unloading __consumer_offsets-45 for coordinator epoch OptionalInt[1]. Removed 0 cached offsets and 0 cached groups.
2025-10-28T16:59:03.186+05:30  INFO 2712 --- [r-event-handler] k.coordinator.group.GroupCoordinator     : [GroupCoordinator 0]: Resigned as the group coordinator for partition 8 in epoch OptionalInt[1]
2025-10-28T16:59:03.186+05:30  INFO 2712 --- [adata-manager-0] k.c.group.GroupMetadataManager           : [GroupMetadataManager brokerId=0] Finished unloading __consumer_offsets-12 for coordinator epoch OptionalInt[1]. Removed 0 cached offsets and 0 cached groups.
2025-10-28T16:59:03.187+05:30  INFO 2712 --- [adata-manager-0] k.c.group.GroupMetadataManager           : [GroupMetadataManager brokerId=0] Finished unloading __consumer_offsets-41 for coordinator epoch OptionalInt[1]. Removed 0 cached offsets and 0 cached groups.
2025-10-28T16:59:03.187+05:30  INFO 2712 --- [r-event-handler] k.c.group.GroupMetadataManager           : [GroupMetadataManager brokerId=0] Scheduling unloading of offsets and group metadata from __consumer_offsets-8
2025-10-28T16:59:03.187+05:30  INFO 2712 --- [adata-manager-0] k.c.group.GroupMetadataManager           : [GroupMetadataManager brokerId=0] Finished unloading __consumer_offsets-24 for coordinator epoch OptionalInt[1]. Removed 0 cached offsets and 0 cached groups.
2025-10-28T16:59:03.187+05:30  INFO 2712 --- [r-event-handler] k.coordinator.group.GroupCoordinator     : [GroupCoordinator 0]: Resigned as the group coordinator for partition 37 in epoch OptionalInt[1]
2025-10-28T16:59:03.187+05:30  INFO 2712 --- [r-event-handler] k.c.group.GroupMetadataManager           : [GroupMetadataManager brokerId=0] Scheduling unloading of offsets and group metadata from __consumer_offsets-37
2025-10-28T16:59:03.187+05:30  INFO 2712 --- [r-event-handler] k.coordinator.group.GroupCoordinator     : [GroupCoordinator 0]: Resigned as the group coordinator for partition 4 in epoch OptionalInt[1]
2025-10-28T16:59:03.187+05:30  INFO 2712 --- [r-event-handler] k.c.group.GroupMetadataManager           : [GroupMetadataManager brokerId=0] Scheduling unloading of offsets and group metadata from __consumer_offsets-4
2025-10-28T16:59:03.187+05:30  INFO 2712 --- [r-event-handler] k.coordinator.group.GroupCoordinator     : [GroupCoordinator 0]: Resigned as the group coordinator for partition 33 in epoch OptionalInt[1]
2025-10-28T16:59:03.188+05:30  INFO 2712 --- [r-event-handler] k.c.group.GroupMetadataManager           : [GroupMetadataManager brokerId=0] Scheduling unloading of offsets and group metadata from __consumer_offsets-33
2025-10-28T16:59:03.188+05:30  INFO 2712 --- [r-event-handler] k.coordinator.group.GroupCoordinator     : [GroupCoordinator 0]: Resigned as the group coordinator for partition 15 in epoch OptionalInt[1]
2025-10-28T16:59:03.188+05:30  INFO 2712 --- [r-event-handler] k.c.group.GroupMetadataManager           : [GroupMetadataManager brokerId=0] Scheduling unloading of offsets and group metadata from __consumer_offsets-15
2025-10-28T16:59:03.188+05:30  INFO 2712 --- [r-event-handler] k.coordinator.group.GroupCoordinator     : [GroupCoordinator 0]: Resigned as the group coordinator for partition 48 in epoch OptionalInt[1]
2025-10-28T16:59:03.188+05:30  INFO 2712 --- [r-event-handler] k.c.group.GroupMetadataManager           : [GroupMetadataManager brokerId=0] Scheduling unloading of offsets and group metadata from __consumer_offsets-48
2025-10-28T16:59:03.188+05:30  INFO 2712 --- [r-event-handler] k.coordinator.group.GroupCoordinator     : [GroupCoordinator 0]: Resigned as the group coordinator for partition 11 in epoch OptionalInt[1]
2025-10-28T16:59:03.188+05:30  INFO 2712 --- [r-event-handler] k.c.group.GroupMetadataManager           : [GroupMetadataManager brokerId=0] Scheduling unloading of offsets and group metadata from __consumer_offsets-11
2025-10-28T16:59:03.188+05:30  INFO 2712 --- [r-event-handler] k.coordinator.group.GroupCoordinator     : [GroupCoordinator 0]: Resigned as the group coordinator for partition 44 in epoch OptionalInt[1]
2025-10-28T16:59:03.189+05:30  INFO 2712 --- [r-event-handler] k.c.group.GroupMetadataManager           : [GroupMetadataManager brokerId=0] Scheduling unloading of offsets and group metadata from __consumer_offsets-44
2025-10-28T16:59:03.189+05:30  INFO 2712 --- [r-event-handler] k.coordinator.group.GroupCoordinator     : [GroupCoordinator 0]: Resigned as the group coordinator for partition 23 in epoch OptionalInt[1]
2025-10-28T16:59:03.189+05:30  INFO 2712 --- [r-event-handler] k.c.group.GroupMetadataManager           : [GroupMetadataManager brokerId=0] Scheduling unloading of offsets and group metadata from __consumer_offsets-23
2025-10-28T16:59:03.189+05:30  INFO 2712 --- [r-event-handler] k.coordinator.group.GroupCoordinator     : [GroupCoordinator 0]: Resigned as the group coordinator for partition 19 in epoch OptionalInt[1]
2025-10-28T16:59:03.189+05:30  INFO 2712 --- [r-event-handler] k.c.group.GroupMetadataManager           : [GroupMetadataManager brokerId=0] Scheduling unloading of offsets and group metadata from __consumer_offsets-19
2025-10-28T16:59:03.189+05:30  INFO 2712 --- [r-event-handler] k.coordinator.group.GroupCoordinator     : [GroupCoordinator 0]: Resigned as the group coordinator for partition 32 in epoch OptionalInt[1]
2025-10-28T16:59:03.189+05:30  INFO 2712 --- [r-event-handler] k.c.group.GroupMetadataManager           : [GroupMetadataManager brokerId=0] Scheduling unloading of offsets and group metadata from __consumer_offsets-32
2025-10-28T16:59:03.189+05:30  INFO 2712 --- [r-event-handler] k.coordinator.group.GroupCoordinator     : [GroupCoordinator 0]: Resigned as the group coordinator for partition 28 in epoch OptionalInt[1]
2025-10-28T16:59:03.189+05:30  INFO 2712 --- [r-event-handler] k.c.group.GroupMetadataManager           : [GroupMetadataManager brokerId=0] Scheduling unloading of offsets and group metadata from __consumer_offsets-28
2025-10-28T16:59:03.189+05:30  INFO 2712 --- [r-event-handler] k.coordinator.group.GroupCoordinator     : [GroupCoordinator 0]: Resigned as the group coordinator for partition 7 in epoch OptionalInt[1]
2025-10-28T16:59:03.189+05:30  INFO 2712 --- [r-event-handler] k.c.group.GroupMetadataManager           : [GroupMetadataManager brokerId=0] Scheduling unloading of offsets and group metadata from __consumer_offsets-7
2025-10-28T16:59:03.189+05:30  INFO 2712 --- [r-event-handler] k.coordinator.group.GroupCoordinator     : [GroupCoordinator 0]: Resigned as the group coordinator for partition 40 in epoch OptionalInt[1]
2025-10-28T16:59:03.190+05:30  INFO 2712 --- [r-event-handler] k.c.group.GroupMetadataManager           : [GroupMetadataManager brokerId=0] Scheduling unloading of offsets and group metadata from __consumer_offsets-40
2025-10-28T16:59:03.190+05:30  INFO 2712 --- [r-event-handler] k.coordinator.group.GroupCoordinator     : [GroupCoordinator 0]: Resigned as the group coordinator for partition 3 in epoch OptionalInt[1]
2025-10-28T16:59:03.190+05:30  INFO 2712 --- [r-event-handler] k.c.group.GroupMetadataManager           : [GroupMetadataManager brokerId=0] Scheduling unloading of offsets and group metadata from __consumer_offsets-3
2025-10-28T16:59:03.190+05:30  INFO 2712 --- [r-event-handler] k.coordinator.group.GroupCoordinator     : [GroupCoordinator 0]: Resigned as the group coordinator for partition 36 in epoch OptionalInt[1]
2025-10-28T16:59:03.190+05:30  INFO 2712 --- [adata-manager-0] k.coordinator.group.GroupCoordinator     : [GroupCoordinator 0]: Unloading group metadata for midas-group with generation 2
2025-10-28T16:59:03.190+05:30  INFO 2712 --- [r-event-handler] k.c.group.GroupMetadataManager           : [GroupMetadataManager brokerId=0] Scheduling unloading of offsets and group metadata from __consumer_offsets-36
2025-10-28T16:59:03.190+05:30  INFO 2712 --- [r-event-handler] k.coordinator.group.GroupCoordinator     : [GroupCoordinator 0]: Resigned as the group coordinator for partition 47 in epoch OptionalInt[1]
2025-10-28T16:59:03.190+05:30  INFO 2712 --- [r-event-handler] k.c.group.GroupMetadataManager           : [GroupMetadataManager brokerId=0] Scheduling unloading of offsets and group metadata from __consumer_offsets-47
2025-10-28T16:59:03.191+05:30  INFO 2712 --- [r-event-handler] k.coordinator.group.GroupCoordinator     : [GroupCoordinator 0]: Resigned as the group coordinator for partition 14 in epoch OptionalInt[1]
2025-10-28T16:59:03.191+05:30  INFO 2712 --- [r-event-handler] k.c.group.GroupMetadataManager           : [GroupMetadataManager brokerId=0] Scheduling unloading of offsets and group metadata from __consumer_offsets-14
2025-10-28T16:59:03.191+05:30  INFO 2712 --- [r-event-handler] k.coordinator.group.GroupCoordinator     : [GroupCoordinator 0]: Resigned as the group coordinator for partition 43 in epoch OptionalInt[1]
2025-10-28T16:59:03.191+05:30  INFO 2712 --- [r-event-handler] k.c.group.GroupMetadataManager           : [GroupMetadataManager brokerId=0] Scheduling unloading of offsets and group metadata from __consumer_offsets-43
2025-10-28T16:59:03.191+05:30  INFO 2712 --- [r-event-handler] k.coordinator.group.GroupCoordinator     : [GroupCoordinator 0]: Resigned as the group coordinator for partition 10 in epoch OptionalInt[1]
2025-10-28T16:59:03.191+05:30  INFO 2712 --- [r-event-handler] k.c.group.GroupMetadataManager           : [GroupMetadataManager brokerId=0] Scheduling unloading of offsets and group metadata from __consumer_offsets-10
2025-10-28T16:59:03.191+05:30  INFO 2712 --- [r-event-handler] k.coordinator.group.GroupCoordinator     : [GroupCoordinator 0]: Resigned as the group coordinator for partition 22 in epoch OptionalInt[1]
2025-10-28T16:59:03.191+05:30  INFO 2712 --- [r-event-handler] k.c.group.GroupMetadataManager           : [GroupMetadataManager brokerId=0] Scheduling unloading of offsets and group metadata from __consumer_offsets-22
2025-10-28T16:59:03.192+05:30  INFO 2712 --- [r-event-handler] k.coordinator.group.GroupCoordinator     : [GroupCoordinator 0]: Resigned as the group coordinator for partition 18 in epoch OptionalInt[1]
2025-10-28T16:59:03.192+05:30  INFO 2712 --- [r-event-handler] k.c.group.GroupMetadataManager           : [GroupMetadataManager brokerId=0] Scheduling unloading of offsets and group metadata from __consumer_offsets-18
2025-10-28T16:59:03.192+05:30  INFO 2712 --- [r-event-handler] k.coordinator.group.GroupCoordinator     : [GroupCoordinator 0]: Resigned as the group coordinator for partition 31 in epoch OptionalInt[1]
2025-10-28T16:59:03.193+05:30  INFO 2712 --- [r-event-handler] k.c.group.GroupMetadataManager           : [GroupMetadataManager brokerId=0] Scheduling unloading of offsets and group metadata from __consumer_offsets-31
2025-10-28T16:59:03.193+05:30  INFO 2712 --- [r-event-handler] k.coordinator.group.GroupCoordinator     : [GroupCoordinator 0]: Resigned as the group coordinator for partition 27 in epoch OptionalInt[1]
2025-10-28T16:59:03.193+05:30  INFO 2712 --- [r-event-handler] k.c.group.GroupMetadataManager           : [GroupMetadataManager brokerId=0] Scheduling unloading of offsets and group metadata from __consumer_offsets-27
2025-10-28T16:59:03.193+05:30  INFO 2712 --- [r-event-handler] k.coordinator.group.GroupCoordinator     : [GroupCoordinator 0]: Resigned as the group coordinator for partition 39 in epoch OptionalInt[1]
2025-10-28T16:59:03.194+05:30  INFO 2712 --- [r-event-handler] k.c.group.GroupMetadataManager           : [GroupMetadataManager brokerId=0] Scheduling unloading of offsets and group metadata from __consumer_offsets-39
2025-10-28T16:59:03.194+05:30  INFO 2712 --- [r-event-handler] k.coordinator.group.GroupCoordinator     : [GroupCoordinator 0]: Resigned as the group coordinator for partition 6 in epoch OptionalInt[1]
2025-10-28T16:59:03.194+05:30  INFO 2712 --- [r-event-handler] k.c.group.GroupMetadataManager           : [GroupMetadataManager brokerId=0] Scheduling unloading of offsets and group metadata from __consumer_offsets-6
2025-10-28T16:59:03.194+05:30  INFO 2712 --- [r-event-handler] k.coordinator.group.GroupCoordinator     : [GroupCoordinator 0]: Resigned as the group coordinator for partition 35 in epoch OptionalInt[1]
2025-10-28T16:59:03.194+05:30  INFO 2712 --- [r-event-handler] k.c.group.GroupMetadataManager           : [GroupMetadataManager brokerId=0] Scheduling unloading of offsets and group metadata from __consumer_offsets-35
2025-10-28T16:59:03.194+05:30  INFO 2712 --- [r-event-handler] k.coordinator.group.GroupCoordinator     : [GroupCoordinator 0]: Resigned as the group coordinator for partition 2 in epoch OptionalInt[1]
2025-10-28T16:59:03.194+05:30  INFO 2712 --- [r-event-handler] k.c.group.GroupMetadataManager           : [GroupMetadataManager brokerId=0] Scheduling unloading of offsets and group metadata from __consumer_offsets-2
2025-10-28T16:59:03.195+05:30  INFO 2712 --- [adata-manager-0] k.c.group.GroupMetadataManager           : [GroupMetadataManager brokerId=0] Finished unloading __consumer_offsets-20 for coordinator epoch OptionalInt[1]. Removed 1 cached offsets and 1 cached groups.
2025-10-28T16:59:03.195+05:30  INFO 2712 --- [adata-manager-0] k.c.group.GroupMetadataManager           : [GroupMetadataManager brokerId=0] Finished unloading __consumer_offsets-49 for coordinator epoch OptionalInt[1]. Removed 0 cached offsets and 0 cached groups.
2025-10-28T16:59:03.195+05:30  INFO 2712 --- [adata-manager-0] k.c.group.GroupMetadataManager           : [GroupMetadataManager brokerId=0] Finished unloading __consumer_offsets-0 for coordinator epoch OptionalInt[1]. Removed 0 cached offsets and 0 cached groups.
2025-10-28T16:59:03.195+05:30  INFO 2712 --- [adata-manager-0] k.c.group.GroupMetadataManager           : [GroupMetadataManager brokerId=0] Finished unloading __consumer_offsets-29 for coordinator epoch OptionalInt[1]. Removed 0 cached offsets and 0 cached groups.
2025-10-28T16:59:03.195+05:30  INFO 2712 --- [adata-manager-0] k.c.group.GroupMetadataManager           : [GroupMetadataManager brokerId=0] Finished unloading __consumer_offsets-25 for coordinator epoch OptionalInt[1]. Removed 0 cached offsets and 0 cached groups.
2025-10-28T16:59:03.196+05:30  INFO 2712 --- [adata-manager-0] k.c.group.GroupMetadataManager           : [GroupMetadataManager brokerId=0] Finished unloading __consumer_offsets-8 for coordinator epoch OptionalInt[1]. Removed 0 cached offsets and 0 cached groups.
2025-10-28T16:59:03.196+05:30  INFO 2712 --- [adata-manager-0] k.c.group.GroupMetadataManager           : [GroupMetadataManager brokerId=0] Finished unloading __consumer_offsets-37 for coordinator epoch OptionalInt[1]. Removed 0 cached offsets and 0 cached groups.
2025-10-28T16:59:03.196+05:30  INFO 2712 --- [adata-manager-0] k.c.group.GroupMetadataManager           : [GroupMetadataManager brokerId=0] Finished unloading __consumer_offsets-4 for coordinator epoch OptionalInt[1]. Removed 0 cached offsets and 0 cached groups.
2025-10-28T16:59:03.196+05:30  INFO 2712 --- [adata-manager-0] k.c.group.GroupMetadataManager           : [GroupMetadataManager brokerId=0] Finished unloading __consumer_offsets-33 for coordinator epoch OptionalInt[1]. Removed 0 cached offsets and 0 cached groups.
2025-10-28T16:59:03.197+05:30  INFO 2712 --- [adata-manager-0] k.c.group.GroupMetadataManager           : [GroupMetadataManager brokerId=0] Finished unloading __consumer_offsets-15 for coordinator epoch OptionalInt[1]. Removed 0 cached offsets and 0 cached groups.
2025-10-28T16:59:03.197+05:30  INFO 2712 --- [adata-manager-0] k.c.group.GroupMetadataManager           : [GroupMetadataManager brokerId=0] Finished unloading __consumer_offsets-48 for coordinator epoch OptionalInt[1]. Removed 0 cached offsets and 0 cached groups.
2025-10-28T16:59:03.197+05:30  INFO 2712 --- [adata-manager-0] k.c.group.GroupMetadataManager           : [GroupMetadataManager brokerId=0] Finished unloading __consumer_offsets-11 for coordinator epoch OptionalInt[1]. Removed 0 cached offsets and 0 cached groups.
2025-10-28T16:59:03.199+05:30  INFO 2712 --- [adata-manager-0] k.c.group.GroupMetadataManager           : [GroupMetadataManager brokerId=0] Finished unloading __consumer_offsets-44 for coordinator epoch OptionalInt[1]. Removed 0 cached offsets and 0 cached groups.
2025-10-28T16:59:03.199+05:30  INFO 2712 --- [adata-manager-0] k.c.group.GroupMetadataManager           : [GroupMetadataManager brokerId=0] Finished unloading __consumer_offsets-23 for coordinator epoch OptionalInt[1]. Removed 0 cached offsets and 0 cached groups.
2025-10-28T16:59:03.200+05:30  INFO 2712 --- [adata-manager-0] k.c.group.GroupMetadataManager           : [GroupMetadataManager brokerId=0] Finished unloading __consumer_offsets-19 for coordinator epoch OptionalInt[1]. Removed 0 cached offsets and 0 cached groups.
2025-10-28T16:59:03.200+05:30  INFO 2712 --- [adata-manager-0] k.c.group.GroupMetadataManager           : [GroupMetadataManager brokerId=0] Finished unloading __consumer_offsets-32 for coordinator epoch OptionalInt[1]. Removed 0 cached offsets and 0 cached groups.
2025-10-28T16:59:03.200+05:30  INFO 2712 --- [adata-manager-0] k.c.group.GroupMetadataManager           : [GroupMetadataManager brokerId=0] Finished unloading __consumer_offsets-28 for coordinator epoch OptionalInt[1]. Removed 0 cached offsets and 0 cached groups.
2025-10-28T16:59:03.201+05:30  INFO 2712 --- [adata-manager-0] k.c.group.GroupMetadataManager           : [GroupMetadataManager brokerId=0] Finished unloading __consumer_offsets-7 for coordinator epoch OptionalInt[1]. Removed 0 cached offsets and 0 cached groups.
2025-10-28T16:59:03.201+05:30  INFO 2712 --- [adata-manager-0] k.c.group.GroupMetadataManager           : [GroupMetadataManager brokerId=0] Finished unloading __consumer_offsets-40 for coordinator epoch OptionalInt[1]. Removed 0 cached offsets and 0 cached groups.
2025-10-28T16:59:03.201+05:30  INFO 2712 --- [0-event-handler] o.a.k.controller.BrokerHeartbeatManager  : [QuorumController id=0] The request from broker 0 to shut down has been granted since the lowest active offset 9223372036854775807 is now greater than the broker's controlled shutdown offset 142.
2025-10-28T16:59:03.201+05:30  INFO 2712 --- [adata-manager-0] k.c.group.GroupMetadataManager           : [GroupMetadataManager brokerId=0] Finished unloading __consumer_offsets-3 for coordinator epoch OptionalInt[1]. Removed 0 cached offsets and 0 cached groups.
2025-10-28T16:59:03.202+05:30  INFO 2712 --- [adata-manager-0] k.c.group.GroupMetadataManager           : [GroupMetadataManager brokerId=0] Finished unloading __consumer_offsets-36 for coordinator epoch OptionalInt[1]. Removed 0 cached offsets and 0 cached groups.
2025-10-28T16:59:03.202+05:30  INFO 2712 --- [adata-manager-0] k.c.group.GroupMetadataManager           : [GroupMetadataManager brokerId=0] Finished unloading __consumer_offsets-47 for coordinator epoch OptionalInt[1]. Removed 0 cached offsets and 0 cached groups.
2025-10-28T16:59:03.202+05:30  INFO 2712 --- [adata-manager-0] k.c.group.GroupMetadataManager           : [GroupMetadataManager brokerId=0] Finished unloading __consumer_offsets-14 for coordinator epoch OptionalInt[1]. Removed 0 cached offsets and 0 cached groups.
2025-10-28T16:59:03.203+05:30  INFO 2712 --- [adata-manager-0] k.c.group.GroupMetadataManager           : [GroupMetadataManager brokerId=0] Finished unloading __consumer_offsets-43 for coordinator epoch OptionalInt[1]. Removed 0 cached offsets and 0 cached groups.
2025-10-28T16:59:03.203+05:30  INFO 2712 --- [adata-manager-0] k.c.group.GroupMetadataManager           : [GroupMetadataManager brokerId=0] Finished unloading __consumer_offsets-10 for coordinator epoch OptionalInt[1]. Removed 0 cached offsets and 0 cached groups.
2025-10-28T16:59:03.203+05:30  INFO 2712 --- [adata-manager-0] k.c.group.GroupMetadataManager           : [GroupMetadataManager brokerId=0] Finished unloading __consumer_offsets-22 for coordinator epoch OptionalInt[1]. Removed 0 cached offsets and 0 cached groups.
2025-10-28T16:59:03.203+05:30  INFO 2712 --- [adata-manager-0] k.c.group.GroupMetadataManager           : [GroupMetadataManager brokerId=0] Finished unloading __consumer_offsets-18 for coordinator epoch OptionalInt[1]. Removed 0 cached offsets and 0 cached groups.
2025-10-28T16:59:03.203+05:30  INFO 2712 --- [adata-manager-0] k.c.group.GroupMetadataManager           : [GroupMetadataManager brokerId=0] Finished unloading __consumer_offsets-31 for coordinator epoch OptionalInt[1]. Removed 0 cached offsets and 0 cached groups.
2025-10-28T16:59:03.203+05:30  INFO 2712 --- [adata-manager-0] k.c.group.GroupMetadataManager           : [GroupMetadataManager brokerId=0] Finished unloading __consumer_offsets-27 for coordinator epoch OptionalInt[1]. Removed 0 cached offsets and 0 cached groups.
2025-10-28T16:59:03.204+05:30  INFO 2712 --- [adata-manager-0] k.c.group.GroupMetadataManager           : [GroupMetadataManager brokerId=0] Finished unloading __consumer_offsets-39 for coordinator epoch OptionalInt[1]. Removed 0 cached offsets and 0 cached groups.
2025-10-28T16:59:03.204+05:30  INFO 2712 --- [adata-manager-0] k.c.group.GroupMetadataManager           : [GroupMetadataManager brokerId=0] Finished unloading __consumer_offsets-6 for coordinator epoch OptionalInt[1]. Removed 0 cached offsets and 0 cached groups.
2025-10-28T16:59:03.205+05:30  INFO 2712 --- [adata-manager-0] k.c.group.GroupMetadataManager           : [GroupMetadataManager brokerId=0] Finished unloading __consumer_offsets-35 for coordinator epoch OptionalInt[1]. Removed 0 cached offsets and 0 cached groups.
2025-10-28T16:59:03.205+05:30  INFO 2712 --- [adata-manager-0] k.c.group.GroupMetadataManager           : [GroupMetadataManager brokerId=0] Finished unloading __consumer_offsets-2 for coordinator epoch OptionalInt[1]. Removed 0 cached offsets and 0 cached groups.
2025-10-28T16:59:03.208+05:30  INFO 2712 --- [0-event-handler] o.a.k.controller.ClusterControlManager   : [QuorumController id=0] Replayed BrokerRegistrationChangeRecord modifying the registration for broker 0: BrokerRegistrationChangeRecord(brokerId=0, brokerEpoch=5, fenced=1, inControlledShutdown=0)
2025-10-28T16:59:03.250+05:30  INFO 2712 --- [channel-manager] kafka.server.BrokerLifecycleManager      : [BrokerLifecycleManager id=0] The controller has asked us to exit controlled shutdown.
2025-10-28T16:59:03.251+05:30  INFO 2712 --- [channel-manager] org.apache.kafka.queue.KafkaEventQueue   : [BrokerLifecycleManager id=0] beginShutdown: shutting down event queue.
2025-10-28T16:59:03.252+05:30  INFO 2712 --- [r-event-handler] kafka.server.BrokerLifecycleManager      : [BrokerLifecycleManager id=0] Transitioning from PENDING_CONTROLLED_SHUTDOWN to SHUTTING_DOWN.
2025-10-28T16:59:03.252+05:30  INFO 2712 --- [r-event-handler] k.s.BrokerToControllerRequestThread      : [broker-0-to-controller-heartbeat-channel-manager]: Shutting down
2025-10-28T16:59:03.252+05:30  INFO 2712 --- [channel-manager] k.s.BrokerToControllerRequestThread      : [broker-0-to-controller-heartbeat-channel-manager]: Stopped
2025-10-28T16:59:03.252+05:30  INFO 2712 --- [r-event-handler] k.s.BrokerToControllerRequestThread      : [broker-0-to-controller-heartbeat-channel-manager]: Shutdown completed
2025-10-28T16:59:03.254+05:30  INFO 2712 --- [-kit-executor-4] kafka.network.SocketServer               : [SocketServer listenerType=BROKER, nodeId=0] Stopping socket server request processors
2025-10-28T16:59:03.257+05:30  INFO 2712 --- [r-event-handler] k.s.BrokerToControllerChannelManagerImpl : Broker to controller channel manager for heartbeat shutdown
2025-10-28T16:59:03.275+05:30  INFO 2712 --- [-kit-executor-4] kafka.network.SocketServer               : [SocketServer listenerType=BROKER, nodeId=0] Stopped socket server request processors
2025-10-28T16:59:03.278+05:30  INFO 2712 --- [-kit-executor-4] kafka.server.KafkaRequestHandlerPool     : [data-plane Kafka Request Handler on Broker 0], shutting down
2025-10-28T16:59:03.286+05:30  INFO 2712 --- [-kit-executor-4] kafka.server.KafkaRequestHandlerPool     : [data-plane Kafka Request Handler on Broker 0], shut down completely
2025-10-28T16:59:03.287+05:30  INFO 2712 --- [-kit-executor-4] perationPurgatory$ExpiredOperationReaper : [ExpirationReaper-0-AlterAcls]: Shutting down
2025-10-28T16:59:03.291+05:30  INFO 2712 --- [per-0-AlterAcls] perationPurgatory$ExpiredOperationReaper : [ExpirationReaper-0-AlterAcls]: Stopped
2025-10-28T16:59:03.292+05:30  INFO 2712 --- [-kit-executor-4] perationPurgatory$ExpiredOperationReaper : [ExpirationReaper-0-AlterAcls]: Shutdown completed
2025-10-28T16:59:03.293+05:30  INFO 2712 --- [-kit-executor-4] kafka.server.KafkaApis                   : [KafkaApi-0] Shutdown complete.
2025-10-28T16:59:03.304+05:30  INFO 2712 --- [-kit-executor-4] k.c.transaction.TransactionCoordinator   : [TransactionCoordinator id=0] Shutting down.
2025-10-28T16:59:03.306+05:30  INFO 2712 --- [-kit-executor-4] k.c.transaction.TransactionStateManager  : [Transaction State Manager 0]: Shutdown complete
2025-10-28T16:59:03.306+05:30  INFO 2712 --- [-kit-executor-4] k.c.t.TransactionMarkerChannelManager    : [TxnMarkerSenderThread-0]: Shutting down
2025-10-28T16:59:03.307+05:30  INFO 2712 --- [rSenderThread-0] k.c.t.TransactionMarkerChannelManager    : [TxnMarkerSenderThread-0]: Stopped
2025-10-28T16:59:03.307+05:30  INFO 2712 --- [-kit-executor-4] k.c.t.TransactionMarkerChannelManager    : [TxnMarkerSenderThread-0]: Shutdown completed
2025-10-28T16:59:03.311+05:30  INFO 2712 --- [-kit-executor-4] k.c.transaction.TransactionCoordinator   : [TransactionCoordinator id=0] Shutdown complete.
2025-10-28T16:59:03.314+05:30  INFO 2712 --- [-kit-executor-4] k.coordinator.group.GroupCoordinator     : [GroupCoordinator 0]: Shutting down.
2025-10-28T16:59:03.314+05:30  INFO 2712 --- [-kit-executor-4] perationPurgatory$ExpiredOperationReaper : [ExpirationReaper-0-Heartbeat]: Shutting down
2025-10-28T16:59:03.315+05:30  INFO 2712 --- [per-0-Heartbeat] perationPurgatory$ExpiredOperationReaper : [ExpirationReaper-0-Heartbeat]: Stopped
2025-10-28T16:59:03.315+05:30  INFO 2712 --- [-kit-executor-4] perationPurgatory$ExpiredOperationReaper : [ExpirationReaper-0-Heartbeat]: Shutdown completed
2025-10-28T16:59:03.315+05:30  INFO 2712 --- [-kit-executor-4] perationPurgatory$ExpiredOperationReaper : [ExpirationReaper-0-Rebalance]: Shutting down
2025-10-28T16:59:03.315+05:30  INFO 2712 --- [per-0-Rebalance] perationPurgatory$ExpiredOperationReaper : [ExpirationReaper-0-Rebalance]: Stopped
2025-10-28T16:59:03.315+05:30  INFO 2712 --- [-kit-executor-4] perationPurgatory$ExpiredOperationReaper : [ExpirationReaper-0-Rebalance]: Shutdown completed
2025-10-28T16:59:03.316+05:30  INFO 2712 --- [-kit-executor-4] k.coordinator.group.GroupCoordinator     : [GroupCoordinator 0]: Shutdown complete.
2025-10-28T16:59:03.318+05:30  INFO 2712 --- [-kit-executor-4] kafka.server.ReplicaManager              : [ReplicaManager broker=0] Shutting down
2025-10-28T16:59:03.319+05:30  INFO 2712 --- [-kit-executor-4] k.s.ReplicaManager$LogDirFailureHandler  : [LogDirFailureHandler]: Shutting down
2025-10-28T16:59:03.320+05:30  INFO 2712 --- [rFailureHandler] k.s.ReplicaManager$LogDirFailureHandler  : [LogDirFailureHandler]: Stopped
2025-10-28T16:59:03.320+05:30  INFO 2712 --- [-kit-executor-4] k.s.ReplicaManager$LogDirFailureHandler  : [LogDirFailureHandler]: Shutdown completed
2025-10-28T16:59:03.321+05:30  INFO 2712 --- [-kit-executor-4] kafka.server.ReplicaFetcherManager       : [ReplicaFetcherManager on broker 0] shutting down
2025-10-28T16:59:03.322+05:30  INFO 2712 --- [-kit-executor-4] kafka.server.ReplicaFetcherManager       : [ReplicaFetcherManager on broker 0] shutdown completed
2025-10-28T16:59:03.323+05:30  INFO 2712 --- [-kit-executor-4] k.server.ReplicaAlterLogDirsManager      : [ReplicaAlterLogDirsManager on broker 0] shutting down
2025-10-28T16:59:03.324+05:30  INFO 2712 --- [-kit-executor-4] k.server.ReplicaAlterLogDirsManager      : [ReplicaAlterLogDirsManager on broker 0] shutdown completed
2025-10-28T16:59:03.324+05:30  INFO 2712 --- [-kit-executor-4] perationPurgatory$ExpiredOperationReaper : [ExpirationReaper-0-Fetch]: Shutting down
2025-10-28T16:59:03.324+05:30  INFO 2712 --- [nReaper-0-Fetch] perationPurgatory$ExpiredOperationReaper : [ExpirationReaper-0-Fetch]: Stopped
2025-10-28T16:59:03.324+05:30  INFO 2712 --- [-kit-executor-4] perationPurgatory$ExpiredOperationReaper : [ExpirationReaper-0-Fetch]: Shutdown completed
2025-10-28T16:59:03.326+05:30  INFO 2712 --- [-kit-executor-4] perationPurgatory$ExpiredOperationReaper : [ExpirationReaper-0-RemoteFetch]: Shutting down
2025-10-28T16:59:03.327+05:30  INFO 2712 --- [r-0-RemoteFetch] perationPurgatory$ExpiredOperationReaper : [ExpirationReaper-0-RemoteFetch]: Stopped
2025-10-28T16:59:03.328+05:30  INFO 2712 --- [-kit-executor-4] perationPurgatory$ExpiredOperationReaper : [ExpirationReaper-0-RemoteFetch]: Shutdown completed
2025-10-28T16:59:03.328+05:30  INFO 2712 --- [-kit-executor-4] perationPurgatory$ExpiredOperationReaper : [ExpirationReaper-0-Produce]: Shutting down
2025-10-28T16:59:03.329+05:30  INFO 2712 --- [eaper-0-Produce] perationPurgatory$ExpiredOperationReaper : [ExpirationReaper-0-Produce]: Stopped
2025-10-28T16:59:03.329+05:30  INFO 2712 --- [-kit-executor-4] perationPurgatory$ExpiredOperationReaper : [ExpirationReaper-0-Produce]: Shutdown completed
2025-10-28T16:59:03.329+05:30  INFO 2712 --- [-kit-executor-4] perationPurgatory$ExpiredOperationReaper : [ExpirationReaper-0-DeleteRecords]: Shutting down
2025-10-28T16:59:03.330+05:30  INFO 2712 --- [-kit-executor-4] perationPurgatory$ExpiredOperationReaper : [ExpirationReaper-0-DeleteRecords]: Shutdown completed
2025-10-28T16:59:03.330+05:30  INFO 2712 --- [0-DeleteRecords] perationPurgatory$ExpiredOperationReaper : [ExpirationReaper-0-DeleteRecords]: Stopped
2025-10-28T16:59:03.331+05:30  INFO 2712 --- [-kit-executor-4] perationPurgatory$ExpiredOperationReaper : [ExpirationReaper-0-ElectLeader]: Shutting down
2025-10-28T16:59:03.331+05:30  INFO 2712 --- [r-0-ElectLeader] perationPurgatory$ExpiredOperationReaper : [ExpirationReaper-0-ElectLeader]: Stopped
2025-10-28T16:59:03.331+05:30  INFO 2712 --- [-kit-executor-4] perationPurgatory$ExpiredOperationReaper : [ExpirationReaper-0-ElectLeader]: Shutdown completed
2025-10-28T16:59:03.341+05:30  INFO 2712 --- [-kit-executor-4] kafka.server.AddPartitionsToTxnManager   : [AddPartitionsToTxnSenderThread-0]: Shutting down
2025-10-28T16:59:03.342+05:30  INFO 2712 --- [-kit-executor-4] kafka.server.AddPartitionsToTxnManager   : [AddPartitionsToTxnSenderThread-0]: Shutdown completed
2025-10-28T16:59:03.342+05:30  INFO 2712 --- [nSenderThread-0] kafka.server.AddPartitionsToTxnManager   : [AddPartitionsToTxnSenderThread-0]: Stopped
2025-10-28T16:59:03.343+05:30  INFO 2712 --- [-kit-executor-4] kafka.server.ReplicaManager              : [ReplicaManager broker=0] Shut down completely
2025-10-28T16:59:03.345+05:30  INFO 2712 --- [-kit-executor-4] k.s.BrokerToControllerRequestThread      : [broker-0-to-controller-alter-partition-channel-manager]: Shutting down
2025-10-28T16:59:03.345+05:30  INFO 2712 --- [-kit-executor-4] k.s.BrokerToControllerRequestThread      : [broker-0-to-controller-alter-partition-channel-manager]: Shutdown completed
2025-10-28T16:59:03.345+05:30  INFO 2712 --- [channel-manager] k.s.BrokerToControllerRequestThread      : [broker-0-to-controller-alter-partition-channel-manager]: Stopped
2025-10-28T16:59:03.345+05:30  INFO 2712 --- [-kit-executor-4] k.s.BrokerToControllerChannelManagerImpl : Broker to controller channel manager for alter-partition shutdown
2025-10-28T16:59:03.346+05:30  INFO 2712 --- [-kit-executor-4] k.s.BrokerToControllerRequestThread      : [broker-0-to-controller-forwarding-channel-manager]: Shutting down
2025-10-28T16:59:03.347+05:30  INFO 2712 --- [channel-manager] k.s.BrokerToControllerRequestThread      : [broker-0-to-controller-forwarding-channel-manager]: Stopped
2025-10-28T16:59:03.347+05:30  INFO 2712 --- [-kit-executor-4] k.s.BrokerToControllerRequestThread      : [broker-0-to-controller-forwarding-channel-manager]: Shutdown completed
2025-10-28T16:59:03.348+05:30  INFO 2712 --- [-kit-executor-4] k.s.BrokerToControllerChannelManagerImpl : Broker to controller channel manager for forwarding shutdown
2025-10-28T16:59:03.350+05:30  INFO 2712 --- [-kit-executor-4] kafka.log.LogManager                     : Shutting down.
2025-10-28T16:59:03.351+05:30  INFO 2712 --- [-kit-executor-4] kafka.log.LogCleaner                     : Shutting down the log cleaner.
2025-10-28T16:59:03.352+05:30  INFO 2712 --- [-kit-executor-4] kafka.log.LogCleaner$CleanerThread       : [kafka-log-cleaner-thread-0]: Shutting down
2025-10-28T16:59:03.353+05:30  INFO 2712 --- [leaner-thread-0] kafka.log.LogCleaner$CleanerThread       : [kafka-log-cleaner-thread-0]: Stopped
2025-10-28T16:59:03.353+05:30  INFO 2712 --- [-kit-executor-4] kafka.log.LogCleaner$CleanerThread       : [kafka-log-cleaner-thread-0]: Shutdown completed
2025-10-28T16:59:03.420+05:30  INFO 2712 --- [\broker_0_data0] o.a.k.s.i.log.ProducerStateManager       : [ProducerStateManager partition=forage-midas-topic-0]Wrote producer snapshot at offset 22 with 1 producer ids in 6 ms.
2025-10-28T16:59:03.628+05:30  INFO 2712 --- [\broker_0_data0] o.a.k.s.i.log.ProducerStateManager       : [ProducerStateManager partition=__consumer_offsets-20]Wrote producer snapshot at offset 3 with 0 producer ids in 7 ms.
2025-10-28T16:59:03.807+05:30  INFO 2712 --- [-kit-executor-4] kafka.log.LogManager                     : Shutdown complete.
2025-10-28T16:59:03.809+05:30  INFO 2712 --- [-kit-executor-4] lientQuotaManager$ThrottledChannelReaper : [broker-0-ThrottledChannelReaper-Fetch]: Shutting down
2025-10-28T16:59:03.811+05:30  INFO 2712 --- [nelReaper-Fetch] lientQuotaManager$ThrottledChannelReaper : [broker-0-ThrottledChannelReaper-Fetch]: Stopped
2025-10-28T16:59:03.811+05:30  INFO 2712 --- [-kit-executor-4] lientQuotaManager$ThrottledChannelReaper : [broker-0-ThrottledChannelReaper-Fetch]: Shutdown completed
2025-10-28T16:59:03.811+05:30  INFO 2712 --- [-kit-executor-4] lientQuotaManager$ThrottledChannelReaper : [broker-0-ThrottledChannelReaper-Produce]: Shutting down
2025-10-28T16:59:03.812+05:30  INFO 2712 --- [lReaper-Produce] lientQuotaManager$ThrottledChannelReaper : [broker-0-ThrottledChannelReaper-Produce]: Stopped
2025-10-28T16:59:03.812+05:30  INFO 2712 --- [-kit-executor-4] lientQuotaManager$ThrottledChannelReaper : [broker-0-ThrottledChannelReaper-Produce]: Shutdown completed
2025-10-28T16:59:03.812+05:30  INFO 2712 --- [-kit-executor-4] lientQuotaManager$ThrottledChannelReaper : [broker-0-ThrottledChannelReaper-Request]: Shutting down
2025-10-28T16:59:03.812+05:30  INFO 2712 --- [lReaper-Request] lientQuotaManager$ThrottledChannelReaper : [broker-0-ThrottledChannelReaper-Request]: Stopped
2025-10-28T16:59:03.812+05:30  INFO 2712 --- [-kit-executor-4] lientQuotaManager$ThrottledChannelReaper : [broker-0-ThrottledChannelReaper-Request]: Shutdown completed
2025-10-28T16:59:03.812+05:30  INFO 2712 --- [-kit-executor-4] lientQuotaManager$ThrottledChannelReaper : [broker-0-ThrottledChannelReaper-ControllerMutation]: Shutting down
2025-10-28T16:59:03.812+05:30  INFO 2712 --- [-kit-executor-4] lientQuotaManager$ThrottledChannelReaper : [broker-0-ThrottledChannelReaper-ControllerMutation]: Shutdown completed
2025-10-28T16:59:03.812+05:30  INFO 2712 --- [trollerMutation] lientQuotaManager$ThrottledChannelReaper : [broker-0-ThrottledChannelReaper-ControllerMutation]: Stopped
2025-10-28T16:59:03.814+05:30  INFO 2712 --- [-kit-executor-4] kafka.network.SocketServer               : [SocketServer listenerType=BROKER, nodeId=0] Shutting down socket server
2025-10-28T16:59:03.844+05:30  INFO 2712 --- [-kit-executor-4] kafka.network.SocketServer               : [SocketServer listenerType=BROKER, nodeId=0] Shutdown completed
2025-10-28T16:59:03.848+05:30  INFO 2712 --- [-kit-executor-4] kafka.server.BrokerTopicStats            : Broker and topic stats closed
2025-10-28T16:59:03.848+05:30  INFO 2712 --- [-kit-executor-4] org.apache.kafka.queue.KafkaEventQueue   : [BrokerLifecycleManager id=0] closed event queue.
2025-10-28T16:59:03.849+05:30  INFO 2712 --- [-kit-executor-4] kafka.server.BrokerServer                : [BrokerServer id=0] shut down completed
2025-10-28T16:59:03.849+05:30  INFO 2712 --- [-kit-executor-4] kafka.server.BrokerServer                : [BrokerServer id=0] Transition from SHUTTING_DOWN to SHUTDOWN
2025-10-28T16:59:03.851+05:30  INFO 2712 --- [-kit-executor-1] kafka.server.ControllerServer            : [ControllerServer id=0] shutting down
2025-10-28T16:59:03.853+05:30  INFO 2712 --- [-kit-executor-1] ExpirationService$ExpiredOperationReaper : [raft-expiration-reaper]: Shutting down
2025-10-28T16:59:04.018+05:30  INFO 2712 --- [-kit-executor-1] ExpirationService$ExpiredOperationReaper : [raft-expiration-reaper]: Shutdown completed
2025-10-28T16:59:04.018+05:30  INFO 2712 --- [piration-reaper] ExpirationService$ExpiredOperationReaper : [raft-expiration-reaper]: Stopped
2025-10-28T16:59:04.019+05:30  INFO 2712 --- [-kit-executor-1] k.raft.KafkaRaftManager$RaftIoThread     : [kafka-0-raft-io-thread]: Shutting down
2025-10-28T16:59:04.019+05:30  INFO 2712 --- [-kit-executor-1] org.apache.kafka.raft.KafkaRaftClient    : [RaftManager id=0] Beginning graceful shutdown
2025-10-28T16:59:04.020+05:30  INFO 2712 --- [-raft-io-thread] org.apache.kafka.raft.KafkaRaftClient    : [RaftManager id=0] Graceful shutdown completed
2025-10-28T16:59:04.020+05:30  INFO 2712 --- [-raft-io-thread] k.raft.KafkaRaftManager$RaftIoThread     : [kafka-0-raft-io-thread]: Stopped
2025-10-28T16:59:04.020+05:30  INFO 2712 --- [-kit-executor-1] k.raft.KafkaRaftManager$RaftIoThread     : [kafka-0-raft-io-thread]: Completed graceful shutdown of RaftClient
2025-10-28T16:59:04.020+05:30  INFO 2712 --- [-kit-executor-1] k.raft.KafkaRaftManager$RaftIoThread     : [kafka-0-raft-io-thread]: Shutdown completed
2025-10-28T16:59:04.023+05:30  INFO 2712 --- [-kit-executor-1] kafka.raft.RaftSendThread                : [kafka-0-raft-outbound-request-thread]: Shutting down
2025-10-28T16:59:04.024+05:30  INFO 2712 --- [-kit-executor-1] kafka.raft.RaftSendThread                : [kafka-0-raft-outbound-request-thread]: Shutdown completed
2025-10-28T16:59:04.024+05:30  INFO 2712 --- [-request-thread] kafka.raft.RaftSendThread                : [kafka-0-raft-outbound-request-thread]: Stopped
2025-10-28T16:59:04.036+05:30  INFO 2712 --- [-kit-executor-1] o.a.k.s.i.log.ProducerStateManager       : [ProducerStateManager partition=__cluster_metadata-0]Wrote producer snapshot at offset 146 with 0 producer ids in 11 ms.
2025-10-28T16:59:04.045+05:30  INFO 2712 --- [-kit-executor-1] kafka.network.SocketServer               : [SocketServer listenerType=CONTROLLER, nodeId=0] Stopping socket server request processors
2025-10-28T16:59:04.056+05:30  INFO 2712 --- [-kit-executor-1] kafka.network.SocketServer               : [SocketServer listenerType=CONTROLLER, nodeId=0] Stopped socket server request processors
2025-10-28T16:59:04.058+05:30  INFO 2712 --- [-kit-executor-1] org.apache.kafka.queue.KafkaEventQueue   : [QuorumController id=0] QuorumController#beginShutdown: shutting down event queue.
2025-10-28T16:59:04.060+05:30  INFO 2712 --- [-kit-executor-1] kafka.network.SocketServer               : [SocketServer listenerType=CONTROLLER, nodeId=0] Shutting down socket server
2025-10-28T16:59:04.061+05:30  INFO 2712 --- [0-event-handler] o.a.kafka.controller.QuorumController    : [QuorumController id=0] writeNoOpRecord: event unable to start processing because of RejectedExecutionException (treated as TimeoutException).
2025-10-28T16:59:04.062+05:30  INFO 2712 --- [0-event-handler] o.a.kafka.controller.QuorumController    : [QuorumController id=0] maybeBalancePartitionLeaders: event unable to start processing because of RejectedExecutionException (treated as TimeoutException).
2025-10-28T16:59:04.111+05:30  INFO 2712 --- [-kit-executor-1] kafka.network.SocketServer               : [SocketServer listenerType=CONTROLLER, nodeId=0] Shutdown completed
2025-10-28T16:59:04.112+05:30  INFO 2712 --- [-kit-executor-1] kafka.server.KafkaRequestHandlerPool     : [data-plane Kafka Request Handler on Broker 0], shutting down
2025-10-28T16:59:04.114+05:30  INFO 2712 --- [-kit-executor-1] kafka.server.KafkaRequestHandlerPool     : [data-plane Kafka Request Handler on Broker 0], shut down completely
2025-10-28T16:59:04.119+05:30  INFO 2712 --- [-kit-executor-1] perationPurgatory$ExpiredOperationReaper : [ExpirationReaper-0-AlterAcls]: Shutting down
2025-10-28T16:59:04.121+05:30  INFO 2712 --- [per-0-AlterAcls] perationPurgatory$ExpiredOperationReaper : [ExpirationReaper-0-AlterAcls]: Stopped
2025-10-28T16:59:04.122+05:30  INFO 2712 --- [-kit-executor-1] perationPurgatory$ExpiredOperationReaper : [ExpirationReaper-0-AlterAcls]: Shutdown completed
2025-10-28T16:59:04.123+05:30  INFO 2712 --- [-kit-executor-1] lientQuotaManager$ThrottledChannelReaper : [controller-0-ThrottledChannelReaper-Fetch]: Shutting down
2025-10-28T16:59:04.124+05:30  INFO 2712 --- [nelReaper-Fetch] lientQuotaManager$ThrottledChannelReaper : [controller-0-ThrottledChannelReaper-Fetch]: Stopped
2025-10-28T16:59:04.125+05:30  INFO 2712 --- [-kit-executor-1] lientQuotaManager$ThrottledChannelReaper : [controller-0-ThrottledChannelReaper-Fetch]: Shutdown completed
2025-10-28T16:59:04.126+05:30  INFO 2712 --- [-kit-executor-1] lientQuotaManager$ThrottledChannelReaper : [controller-0-ThrottledChannelReaper-Produce]: Shutting down
2025-10-28T16:59:04.126+05:30  INFO 2712 --- [lReaper-Produce] lientQuotaManager$ThrottledChannelReaper : [controller-0-ThrottledChannelReaper-Produce]: Stopped
2025-10-28T16:59:04.126+05:30  INFO 2712 --- [-kit-executor-1] lientQuotaManager$ThrottledChannelReaper : [controller-0-ThrottledChannelReaper-Produce]: Shutdown completed
2025-10-28T16:59:04.127+05:30  INFO 2712 --- [-kit-executor-1] lientQuotaManager$ThrottledChannelReaper : [controller-0-ThrottledChannelReaper-Request]: Shutting down
2025-10-28T16:59:04.127+05:30  INFO 2712 --- [lReaper-Request] lientQuotaManager$ThrottledChannelReaper : [controller-0-ThrottledChannelReaper-Request]: Stopped
2025-10-28T16:59:04.127+05:30  INFO 2712 --- [-kit-executor-1] lientQuotaManager$ThrottledChannelReaper : [controller-0-ThrottledChannelReaper-Request]: Shutdown completed
2025-10-28T16:59:04.128+05:30  INFO 2712 --- [-kit-executor-1] lientQuotaManager$ThrottledChannelReaper : [controller-0-ThrottledChannelReaper-ControllerMutation]: Shutting down
2025-10-28T16:59:04.129+05:30  INFO 2712 --- [trollerMutation] lientQuotaManager$ThrottledChannelReaper : [controller-0-ThrottledChannelReaper-ControllerMutation]: Stopped
2025-10-28T16:59:04.130+05:30  INFO 2712 --- [-kit-executor-1] lientQuotaManager$ThrottledChannelReaper : [controller-0-ThrottledChannelReaper-ControllerMutation]: Shutdown completed
2025-10-28T16:59:04.130+05:30  INFO 2712 --- [-kit-executor-1] org.apache.kafka.queue.KafkaEventQueue   : [QuorumController id=0] closed event queue.
2025-10-28T16:59:04.137+05:30  INFO 2712 --- [-kit-executor-1] kafka.server.SharedServer                : [SharedServer id=0] Stopping SharedServer
2025-10-28T16:59:04.137+05:30  INFO 2712 --- [-kit-executor-1] org.apache.kafka.queue.KafkaEventQueue   : [MetadataLoader id=0] beginShutdown: shutting down event queue.
2025-10-28T16:59:04.138+05:30  INFO 2712 --- [r-event-handler] org.apache.kafka.queue.KafkaEventQueue   : [SnapshotGenerator id=0] close: shutting down event queue.
2025-10-28T16:59:04.138+05:30  INFO 2712 --- [r-event-handler] org.apache.kafka.queue.KafkaEventQueue   : [SnapshotGenerator id=0] closed event queue.
2025-10-28T16:59:04.140+05:30  INFO 2712 --- [-kit-executor-1] org.apache.kafka.queue.KafkaEventQueue   : [MetadataLoader id=0] closed event queue.
2025-10-28T16:59:04.143+05:30  INFO 2712 --- [-kit-executor-1] org.apache.kafka.queue.KafkaEventQueue   : [SnapshotGenerator id=0] closed event queue.
2025-10-28T16:59:04.146+05:30  INFO 2712 --- [-kit-executor-1] o.apache.kafka.common.metrics.Metrics    : Metrics scheduler closed
2025-10-28T16:59:04.146+05:30  INFO 2712 --- [-kit-executor-1] o.apache.kafka.common.metrics.Metrics    : Closing reporter org.apache.kafka.common.metrics.JmxReporter
2025-10-28T16:59:04.146+05:30  INFO 2712 --- [-kit-executor-1] o.apache.kafka.common.metrics.Metrics    : Metrics reporters closed
2025-10-28T16:59:04.147+05:30  INFO 2712 --- [-kit-executor-1] o.a.kafka.common.utils.AppInfoParser     : App info kafka.server for 0 unregistered
2025-10-28T16:59:04.347+05:30  INFO 2712 --- [           main] j.LocalContainerEntityManagerFactoryBean : Closing JPA EntityManagerFactory for persistence unit 'default'
2025-10-28T16:59:04.358+05:30  INFO 2712 --- [           main] com.zaxxer.hikari.HikariDataSource       : HikariPool-1 - Shutdown initiated...
2025-10-28T16:59:04.363+05:30  INFO 2712 --- [           main] com.zaxxer.hikari.HikariDataSource       : HikariPool-1 - Shutdown completed.
